Subset,Model,Unit,Detected,Lead_Time,Premature_Alarm,False_Alarm_Cycles,Healthy_Cycles
FD004,IsolationForest,1,True,60.0,False,0,191
FD004,IsolationForest,2,True,54.0,False,0,169
FD004,IsolationForest,3,False,0.0,True,26,177
FD004,IsolationForest,4,True,93.0,False,0,144
FD004,IsolationForest,5,False,0.0,True,61,63
FD004,IsolationForest,6,True,88.0,False,0,201
FD004,IsolationForest,7,True,81.0,False,0,91
FD004,IsolationForest,8,True,40.0,False,0,100
FD004,IsolationForest,9,True,83.0,False,0,204
FD004,IsolationForest,10,True,78.0,False,0,224
FD004,IsolationForest,11,True,89.0,False,0,171
FD004,IsolationForest,12,True,56.0,False,0,142
FD004,IsolationForest,13,True,37.0,False,0,126
FD004,IsolationForest,14,True,55.0,False,0,123
FD004,IsolationForest,15,True,90.0,False,0,94
FD004,IsolationForest,16,True,48.0,False,0,54
FD004,IsolationForest,17,True,23.0,False,0,21
FD004,IsolationForest,18,True,84.0,False,0,213
FD004,IsolationForest,19,True,69.0,False,0,80
FD004,IsolationForest,20,True,61.0,False,0,115
FD004,IsolationForest,21,True,76.0,False,0,97
FD004,IsolationForest,22,True,61.0,False,0,81
FD004,IsolationForest,23,True,33.0,False,0,150
FD004,IsolationForest,24,True,24.0,False,0,56
FD004,IsolationForest,25,True,24.0,False,0,20
FD004,IsolationForest,26,True,42.0,False,0,167
FD004,IsolationForest,27,True,59.0,False,0,33
FD004,IsolationForest,28,True,26.0,False,0,72
FD004,IsolationForest,29,True,70.0,False,0,117
FD004,IsolationForest,30,True,85.0,False,0,167
FD004,IsolationForest,31,True,48.0,False,0,133
FD004,IsolationForest,32,True,68.0,False,0,89
FD004,IsolationForest,33,True,71.0,False,0,71
FD004,IsolationForest,34,True,60.0,False,0,146
FD004,IsolationForest,35,True,99.0,False,0,91
FD004,IsolationForest,36,True,69.0,False,0,13
FD004,IsolationForest,37,True,80.0,False,0,258
FD004,IsolationForest,38,True,68.0,False,0,47
FD004,IsolationForest,39,True,46.0,False,0,72
FD004,IsolationForest,40,True,33.0,False,0,76
FD004,IsolationForest,41,True,82.0,False,0,149
FD004,IsolationForest,42,True,73.0,False,0,150
FD004,IsolationForest,43,True,67.0,False,0,93
FD004,IsolationForest,44,True,68.0,False,0,73
FD004,IsolationForest,45,True,64.0,False,0,47
FD004,IsolationForest,46,True,82.0,False,0,191
FD004,IsolationForest,47,True,66.0,False,0,245
FD004,IsolationForest,48,False,0.0,True,190,192
FD004,IsolationForest,49,False,0.0,True,22,316
FD004,IsolationForest,50,True,48.0,False,0,42
FD004,IsolationForest,51,True,89.0,False,0,155
FD004,IsolationForest,52,True,94.0,False,0,227
FD004,IsolationForest,53,True,53.0,False,0,174
FD004,IsolationForest,54,True,41.0,False,0,67
FD004,IsolationForest,55,False,0.0,True,3,214
FD004,IsolationForest,56,True,98.0,False,0,217
FD004,IsolationForest,57,True,43.0,False,0,63
FD004,IsolationForest,58,True,77.0,False,0,151
FD004,IsolationForest,59,True,24.0,False,0,47
FD004,IsolationForest,60,True,60.0,False,0,88
FD004,IsolationForest,61,True,65.0,False,0,114
FD004,IsolationForest,62,False,0.0,True,13,167
FD004,IsolationForest,63,True,49.0,False,0,40
FD004,IsolationForest,64,True,38.0,False,0,54
FD004,IsolationForest,65,False,0.0,True,11,221
FD004,IsolationForest,66,True,42.0,False,0,45
FD004,IsolationForest,67,True,35.0,False,0,37
FD004,IsolationForest,68,True,56.0,False,0,33
FD004,IsolationForest,69,True,42.0,False,0,96
FD004,IsolationForest,70,True,29.0,False,0,55
FD004,IsolationForest,71,False,0.0,True,105,182
FD004,IsolationForest,72,True,40.0,False,0,178
FD004,IsolationForest,73,True,53.0,False,0,51
FD004,IsolationForest,74,True,34.0,False,0,114
FD004,IsolationForest,75,False,0.0,True,10,100
FD004,IsolationForest,76,True,29.0,False,0,22
FD004,IsolationForest,77,True,28.0,False,0,18
FD004,IsolationForest,78,True,73.0,False,0,120
FD004,IsolationForest,79,True,61.0,False,0,88
FD004,IsolationForest,80,True,80.0,False,0,175
FD004,IsolationForest,81,True,45.0,False,0,57
FD004,IsolationForest,82,True,53.0,False,0,67
FD004,IsolationForest,83,True,30.0,False,0,54
FD004,IsolationForest,84,True,24.0,False,0,29
FD004,IsolationForest,85,True,92.0,False,0,147
FD004,IsolationForest,86,True,71.0,False,0,102
FD004,IsolationForest,87,False,0.0,True,9,129
FD004,IsolationForest,88,False,0.0,True,166,258
FD004,IsolationForest,89,True,47.0,False,0,38
FD004,IsolationForest,90,True,55.0,False,0,82
FD004,IsolationForest,91,True,93.0,False,0,224
FD004,IsolationForest,92,True,58.0,False,0,61
FD004,IsolationForest,93,True,64.0,False,0,66
FD004,IsolationForest,94,True,82.0,False,0,119
FD004,IsolationForest,95,True,61.0,False,0,109
FD004,IsolationForest,96,True,72.0,False,0,140
FD004,IsolationForest,97,True,100.0,False,0,132
FD004,IsolationForest,98,True,67.0,False,0,115
FD004,IsolationForest,99,True,20.0,False,0,37
FD004,IsolationForest,100,True,63.0,False,0,131
FD004,IsolationForest,101,True,56.0,False,0,130
FD004,IsolationForest,102,True,52.0,False,0,64
FD004,IsolationForest,103,True,77.0,False,0,94
FD004,IsolationForest,104,True,47.0,False,0,73
FD004,IsolationForest,105,True,16.0,False,0,40
FD004,IsolationForest,106,True,62.0,False,0,136
FD004,IsolationForest,107,True,28.0,False,0,53
FD004,IsolationForest,108,False,0.0,True,8,174
FD004,IsolationForest,109,True,84.0,False,0,195
FD004,IsolationForest,110,True,29.0,False,0,56
FD004,IsolationForest,111,True,80.0,False,0,167
FD004,IsolationForest,112,True,48.0,False,0,210
FD004,IsolationForest,113,True,26.0,False,0,54
FD004,IsolationForest,114,True,53.0,False,0,31
FD004,IsolationForest,115,True,53.0,False,0,1
FD004,IsolationForest,116,True,81.0,False,0,214
FD004,IsolationForest,117,False,0.0,True,21,212
FD004,IsolationForest,118,False,0.0,True,47,413
FD004,IsolationForest,119,True,46.0,False,0,57
FD004,IsolationForest,120,True,27.0,False,0,47
FD004,IsolationForest,121,True,39.0,False,0,64
FD004,IsolationForest,122,True,30.0,False,0,44
FD004,IsolationForest,123,True,65.0,False,0,96
FD004,IsolationForest,124,True,27.0,False,0,40
FD004,IsolationForest,125,True,96.0,False,0,109
FD004,IsolationForest,126,True,59.0,False,0,172
FD004,IsolationForest,127,True,60.0,False,0,105
FD004,IsolationForest,128,False,0.0,True,41,118
FD004,IsolationForest,129,True,49.0,False,0,60
FD004,IsolationForest,130,True,30.0,False,0,36
FD004,IsolationForest,131,True,93.0,False,0,240
FD004,IsolationForest,132,True,51.0,False,0,124
FD004,IsolationForest,133,False,0.0,True,356,359
FD004,IsolationForest,134,True,20.0,False,0,117
FD004,IsolationForest,135,True,45.0,False,0,19
FD004,IsolationForest,136,True,45.0,False,0,75
FD004,IsolationForest,137,True,35.0,False,0,95
FD004,IsolationForest,138,True,21.0,False,0,48
FD004,IsolationForest,139,True,67.0,False,0,121
FD004,IsolationForest,140,False,0.0,True,20,168
FD004,IsolationForest,141,True,90.0,False,0,69
FD004,IsolationForest,142,True,49.0,False,0,79
FD004,IsolationForest,143,True,25.0,False,0,54
FD004,IsolationForest,144,True,95.0,False,0,167
FD004,IsolationForest,145,True,61.0,False,0,98
FD004,IsolationForest,146,True,69.0,False,0,173
FD004,IsolationForest,147,True,46.0,False,0,104
FD004,IsolationForest,148,True,46.0,False,0,63
FD004,IsolationForest,149,True,90.0,False,0,131
FD004,IsolationForest,150,True,25.0,False,0,19
FD004,IsolationForest,151,True,77.0,False,0,221
FD004,IsolationForest,152,True,50.0,False,0,132
FD004,IsolationForest,153,True,30.0,False,0,38
FD004,IsolationForest,154,True,47.0,False,0,73
FD004,IsolationForest,155,True,77.0,False,0,165
FD004,IsolationForest,156,True,28.0,False,0,9
FD004,IsolationForest,157,False,0.0,True,166,168
FD004,IsolationForest,158,False,0.0,True,58,269
FD004,IsolationForest,159,False,0.0,True,156,158
FD004,IsolationForest,160,True,22.0,False,0,57
FD004,IsolationForest,161,True,68.0,False,0,173
FD004,IsolationForest,162,True,64.0,False,0,183
FD004,IsolationForest,163,False,0.0,True,138,155
FD004,IsolationForest,164,True,80.0,False,0,250
FD004,IsolationForest,165,True,52.0,False,0,125
FD004,IsolationForest,166,True,85.0,False,0,139
FD004,IsolationForest,167,True,49.0,False,0,133
FD004,IsolationForest,168,True,68.0,False,0,66
FD004,IsolationForest,169,True,61.0,False,0,97
FD004,IsolationForest,170,True,34.0,False,0,31
FD004,IsolationForest,171,False,0.0,True,95,269
FD004,IsolationForest,172,True,96.0,False,0,143
FD004,IsolationForest,173,True,92.0,False,0,327
FD004,IsolationForest,174,True,74.0,False,0,240
FD004,IsolationForest,175,True,50.0,False,0,26
FD004,IsolationForest,176,True,31.0,False,0,50
FD004,IsolationForest,177,True,68.0,False,0,112
FD004,IsolationForest,178,True,47.0,False,0,40
FD004,IsolationForest,179,False,0.0,True,166,305
FD004,IsolationForest,180,True,93.0,False,0,214
FD004,IsolationForest,181,True,31.0,False,0,4
FD004,IsolationForest,182,True,16.0,False,0,75
FD004,IsolationForest,183,True,42.0,False,0,60
FD004,IsolationForest,184,False,0.0,True,80,249
FD004,IsolationForest,185,False,0.0,True,27,129
FD004,IsolationForest,186,True,16.0,False,0,33
FD004,IsolationForest,187,True,75.0,False,0,143
FD004,IsolationForest,188,True,41.0,False,0,124
FD004,IsolationForest,189,True,55.0,False,0,109
FD004,IsolationForest,190,True,83.0,False,0,251
FD004,IsolationForest,191,True,84.0,False,0,167
FD004,IsolationForest,192,True,37.0,False,0,60
FD004,IsolationForest,193,True,60.0,False,0,67
FD004,IsolationForest,194,True,32.0,False,0,15
FD004,IsolationForest,195,True,27.0,False,0,29
FD004,IsolationForest,196,True,62.0,False,0,44
FD004,IsolationForest,197,True,31.0,False,0,40
FD004,IsolationForest,198,True,83.0,False,0,34
FD004,IsolationForest,199,True,31.0,False,0,46
FD004,IsolationForest,200,True,57.0,False,0,95
FD004,IsolationForest,201,True,100.0,False,0,248
FD004,IsolationForest,202,True,64.0,False,0,111
FD004,IsolationForest,203,False,0.0,True,175,194
FD004,IsolationForest,204,True,67.0,False,0,81
FD004,IsolationForest,205,True,77.0,False,0,112
FD004,IsolationForest,206,True,48.0,False,0,133
FD004,IsolationForest,207,False,0.0,True,35,249
FD004,IsolationForest,208,True,99.0,False,0,160
FD004,IsolationForest,209,True,42.0,False,0,31
FD004,IsolationForest,210,True,55.0,False,0,37
FD004,IsolationForest,211,True,28.0,False,0,16
FD004,IsolationForest,212,True,48.0,False,0,99
FD004,IsolationForest,213,True,87.0,False,0,67
FD004,IsolationForest,214,True,31.0,False,0,0
FD004,IsolationForest,215,True,79.0,False,0,231
FD004,IsolationForest,216,True,65.0,False,0,114
FD004,IsolationForest,217,True,47.0,False,0,70
FD004,IsolationForest,218,True,42.0,False,0,106
FD004,IsolationForest,219,True,70.0,False,0,60
FD004,IsolationForest,220,True,52.0,False,0,72
FD004,IsolationForest,221,False,0.0,True,9,144
FD004,IsolationForest,222,True,44.0,False,0,72
FD004,IsolationForest,223,True,26.0,False,0,117
FD004,IsolationForest,224,True,68.0,False,0,138
FD004,IsolationForest,225,False,0.0,True,229,288
FD004,IsolationForest,226,True,39.0,False,0,64
FD004,IsolationForest,227,True,70.0,False,0,157
FD004,IsolationForest,228,True,84.0,False,0,149
FD004,IsolationForest,229,True,65.0,False,0,150
FD004,IsolationForest,230,True,83.0,False,0,120
FD004,IsolationForest,231,True,27.0,False,0,64
FD004,IsolationForest,232,True,46.0,False,0,143
FD004,IsolationForest,233,True,69.0,False,0,159
FD004,IsolationForest,234,True,65.0,False,0,77
FD004,IsolationForest,235,True,70.0,False,0,69
FD004,IsolationForest,236,True,51.0,False,0,95
FD004,IsolationForest,237,True,44.0,False,0,82
FD004,IsolationForest,238,True,39.0,False,0,57
FD004,IsolationForest,239,True,79.0,False,0,235
FD004,IsolationForest,240,True,16.0,False,0,19
FD004,IsolationForest,241,True,43.0,False,0,202
FD004,IsolationForest,242,True,32.0,False,0,92
FD004,IsolationForest,243,True,78.0,False,0,197
FD004,IsolationForest,244,True,88.0,False,0,137
FD004,IsolationForest,245,True,20.0,False,0,75
FD004,IsolationForest,246,True,48.0,False,0,31
FD004,IsolationForest,247,True,95.0,False,0,81
FD004,IsolationForest,248,True,32.0,False,0,54
FD004,IsolationForest,249,True,63.0,False,0,125
FD004,RandomForest,1,True,28.0,False,0,191
FD004,RandomForest,2,True,21.0,False,0,169
FD004,RandomForest,3,True,37.0,False,0,177
FD004,RandomForest,4,True,45.0,False,0,144
FD004,RandomForest,5,True,29.0,False,0,63
FD004,RandomForest,6,True,27.0,False,0,201
FD004,RandomForest,7,True,45.0,False,0,91
FD004,RandomForest,8,True,23.0,False,0,100
FD004,RandomForest,9,True,23.0,False,0,204
FD004,RandomForest,10,True,25.0,False,0,224
FD004,RandomForest,11,True,53.0,False,0,171
FD004,RandomForest,12,True,29.0,False,0,142
FD004,RandomForest,13,True,30.0,False,0,126
FD004,RandomForest,14,True,24.0,False,0,123
FD004,RandomForest,15,True,27.0,False,0,94
FD004,RandomForest,16,True,26.0,False,0,54
FD004,RandomForest,17,True,14.0,False,0,21
FD004,RandomForest,18,True,29.0,False,0,213
FD004,RandomForest,19,True,41.0,False,0,80
FD004,RandomForest,20,True,41.0,False,0,115
FD004,RandomForest,21,True,25.0,False,0,97
FD004,RandomForest,22,True,22.0,False,0,81
FD004,RandomForest,23,True,25.0,False,0,150
FD004,RandomForest,24,True,23.0,False,0,56
FD004,RandomForest,25,True,22.0,False,0,20
FD004,RandomForest,26,True,47.0,False,0,167
FD004,RandomForest,27,True,32.0,False,0,33
FD004,RandomForest,28,True,22.0,False,0,72
FD004,RandomForest,29,True,49.0,False,0,117
FD004,RandomForest,30,True,37.0,False,0,167
FD004,RandomForest,31,True,34.0,False,0,133
FD004,RandomForest,32,True,34.0,False,0,89
FD004,RandomForest,33,True,20.0,False,0,71
FD004,RandomForest,34,True,36.0,False,0,146
FD004,RandomForest,35,True,21.0,False,0,91
FD004,RandomForest,36,True,31.0,False,0,13
FD004,RandomForest,37,True,26.0,False,0,258
FD004,RandomForest,38,True,24.0,False,0,47
FD004,RandomForest,39,True,25.0,False,0,72
FD004,RandomForest,40,True,29.0,False,0,76
FD004,RandomForest,41,True,51.0,False,0,149
FD004,RandomForest,42,True,27.0,False,0,150
FD004,RandomForest,43,True,22.0,False,0,93
FD004,RandomForest,44,True,21.0,False,0,73
FD004,RandomForest,45,True,25.0,False,0,47
FD004,RandomForest,46,True,18.0,False,0,191
FD004,RandomForest,47,True,34.0,False,0,245
FD004,RandomForest,48,True,28.0,False,0,192
FD004,RandomForest,49,True,31.0,False,0,316
FD004,RandomForest,50,True,27.0,False,0,42
FD004,RandomForest,51,True,22.0,False,0,155
FD004,RandomForest,52,True,30.0,False,0,227
FD004,RandomForest,53,True,32.0,False,0,174
FD004,RandomForest,54,True,28.0,False,0,67
FD004,RandomForest,55,True,31.0,False,0,214
FD004,RandomForest,56,True,65.0,False,0,217
FD004,RandomForest,57,True,43.0,False,0,63
FD004,RandomForest,58,True,22.0,False,0,151
FD004,RandomForest,59,True,23.0,False,0,47
FD004,RandomForest,60,True,32.0,False,0,88
FD004,RandomForest,61,True,26.0,False,0,114
FD004,RandomForest,62,True,89.0,False,0,167
FD004,RandomForest,63,True,26.0,False,0,40
FD004,RandomForest,64,True,25.0,False,0,54
FD004,RandomForest,65,True,68.0,False,0,221
FD004,RandomForest,66,True,20.0,False,0,45
FD004,RandomForest,67,True,22.0,False,0,37
FD004,RandomForest,68,True,29.0,False,0,33
FD004,RandomForest,69,True,27.0,False,0,96
FD004,RandomForest,70,True,20.0,False,0,55
FD004,RandomForest,71,False,0.0,True,74,182
FD004,RandomForest,72,True,39.0,False,0,178
FD004,RandomForest,73,True,14.0,False,0,51
FD004,RandomForest,74,True,27.0,False,0,114
FD004,RandomForest,75,True,55.0,False,0,100
FD004,RandomForest,76,True,17.0,False,0,22
FD004,RandomForest,77,True,19.0,False,0,18
FD004,RandomForest,78,True,22.0,False,0,120
FD004,RandomForest,79,True,22.0,False,0,88
FD004,RandomForest,80,True,25.0,False,0,175
FD004,RandomForest,81,True,26.0,False,0,57
FD004,RandomForest,82,True,39.0,False,0,67
FD004,RandomForest,83,True,18.0,False,0,54
FD004,RandomForest,84,True,21.0,False,0,29
FD004,RandomForest,85,True,40.0,False,0,147
FD004,RandomForest,86,True,34.0,False,0,102
FD004,RandomForest,87,True,23.0,False,0,129
FD004,RandomForest,88,True,27.0,False,0,258
FD004,RandomForest,89,True,23.0,False,0,38
FD004,RandomForest,90,True,27.0,False,0,82
FD004,RandomForest,91,True,27.0,False,0,224
FD004,RandomForest,92,True,21.0,False,0,61
FD004,RandomForest,93,True,34.0,False,0,66
FD004,RandomForest,94,True,27.0,False,0,119
FD004,RandomForest,95,True,20.0,False,0,109
FD004,RandomForest,96,True,31.0,False,0,140
FD004,RandomForest,97,True,32.0,False,0,132
FD004,RandomForest,98,True,35.0,False,0,115
FD004,RandomForest,99,True,27.0,False,0,37
FD004,RandomForest,100,True,25.0,False,0,131
FD004,RandomForest,101,True,32.0,False,0,130
FD004,RandomForest,102,True,29.0,False,0,64
FD004,RandomForest,103,True,35.0,False,0,94
FD004,RandomForest,104,True,23.0,False,0,73
FD004,RandomForest,105,True,15.0,False,0,40
FD004,RandomForest,106,True,33.0,False,0,136
FD004,RandomForest,107,True,26.0,False,0,53
FD004,RandomForest,108,True,30.0,False,0,174
FD004,RandomForest,109,True,28.0,False,0,195
FD004,RandomForest,110,True,19.0,False,0,56
FD004,RandomForest,111,True,31.0,False,0,167
FD004,RandomForest,112,True,32.0,False,0,210
FD004,RandomForest,113,True,26.0,False,0,54
FD004,RandomForest,114,True,13.0,False,0,31
FD004,RandomForest,115,True,22.0,False,0,1
FD004,RandomForest,116,True,25.0,False,0,214
FD004,RandomForest,117,True,34.0,False,0,212
FD004,RandomForest,118,True,42.0,False,0,413
FD004,RandomForest,119,True,31.0,False,0,57
FD004,RandomForest,120,True,19.0,False,0,47
FD004,RandomForest,121,True,26.0,False,0,64
FD004,RandomForest,122,True,24.0,False,0,44
FD004,RandomForest,123,True,37.0,False,0,96
FD004,RandomForest,124,True,23.0,False,0,40
FD004,RandomForest,125,True,24.0,False,0,109
FD004,RandomForest,126,True,27.0,False,0,172
FD004,RandomForest,127,True,26.0,False,0,105
FD004,RandomForest,128,True,25.0,False,0,118
FD004,RandomForest,129,True,27.0,False,0,60
FD004,RandomForest,130,True,17.0,False,0,36
FD004,RandomForest,131,True,33.0,False,0,240
FD004,RandomForest,132,True,31.0,False,0,124
FD004,RandomForest,133,True,43.0,False,0,359
FD004,RandomForest,134,True,27.0,False,0,117
FD004,RandomForest,135,True,20.0,False,0,19
FD004,RandomForest,136,True,19.0,False,0,75
FD004,RandomForest,137,True,26.0,False,0,95
FD004,RandomForest,138,True,24.0,False,0,48
FD004,RandomForest,139,True,33.0,False,0,121
FD004,RandomForest,140,True,50.0,False,0,168
FD004,RandomForest,141,True,43.0,False,0,69
FD004,RandomForest,142,True,23.0,False,0,79
FD004,RandomForest,143,True,24.0,False,0,54
FD004,RandomForest,144,True,28.0,False,0,167
FD004,RandomForest,145,True,26.0,False,0,98
FD004,RandomForest,146,True,37.0,False,0,173
FD004,RandomForest,147,True,32.0,False,0,104
FD004,RandomForest,148,True,21.0,False,0,63
FD004,RandomForest,149,True,26.0,False,0,131
FD004,RandomForest,150,True,22.0,False,0,19
FD004,RandomForest,151,True,32.0,False,0,221
FD004,RandomForest,152,True,31.0,False,0,132
FD004,RandomForest,153,True,20.0,False,0,38
FD004,RandomForest,154,True,24.0,False,0,73
FD004,RandomForest,155,True,22.0,False,0,165
FD004,RandomForest,156,True,18.0,False,0,9
FD004,RandomForest,157,True,26.0,False,0,168
FD004,RandomForest,158,True,41.0,False,0,269
FD004,RandomForest,159,True,29.0,False,0,158
FD004,RandomForest,160,True,22.0,False,0,57
FD004,RandomForest,161,True,31.0,False,0,173
FD004,RandomForest,162,True,35.0,False,0,183
FD004,RandomForest,163,True,35.0,False,0,155
FD004,RandomForest,164,True,33.0,False,0,250
FD004,RandomForest,165,True,33.0,False,0,125
FD004,RandomForest,166,True,44.0,False,0,139
FD004,RandomForest,167,True,35.0,False,0,133
FD004,RandomForest,168,True,22.0,False,0,66
FD004,RandomForest,169,True,27.0,False,0,97
FD004,RandomForest,170,True,25.0,False,0,31
FD004,RandomForest,171,True,39.0,False,0,269
FD004,RandomForest,172,True,48.0,False,0,143
FD004,RandomForest,173,True,35.0,False,0,327
FD004,RandomForest,174,True,36.0,False,0,240
FD004,RandomForest,175,True,22.0,False,0,26
FD004,RandomForest,176,True,19.0,False,0,50
FD004,RandomForest,177,True,39.0,False,0,112
FD004,RandomForest,178,True,27.0,False,0,40
FD004,RandomForest,179,False,0.0,True,118,305
FD004,RandomForest,180,True,28.0,False,0,214
FD004,RandomForest,181,True,20.0,False,0,4
FD004,RandomForest,182,True,18.0,False,0,75
FD004,RandomForest,183,True,24.0,False,0,60
FD004,RandomForest,184,True,92.0,False,0,249
FD004,RandomForest,185,True,89.0,False,0,129
FD004,RandomForest,186,True,16.0,False,0,33
FD004,RandomForest,187,True,32.0,False,0,143
FD004,RandomForest,188,True,31.0,False,0,124
FD004,RandomForest,189,True,46.0,False,0,109
FD004,RandomForest,190,True,27.0,False,0,251
FD004,RandomForest,191,True,32.0,False,0,167
FD004,RandomForest,192,True,31.0,False,0,60
FD004,RandomForest,193,True,31.0,False,0,67
FD004,RandomForest,194,True,18.0,False,0,15
FD004,RandomForest,195,True,24.0,False,0,29
FD004,RandomForest,196,True,23.0,False,0,44
FD004,RandomForest,197,True,32.0,False,0,40
FD004,RandomForest,198,True,25.0,False,0,34
FD004,RandomForest,199,True,27.0,False,0,46
FD004,RandomForest,200,True,26.0,False,0,95
FD004,RandomForest,201,True,45.0,False,0,248
FD004,RandomForest,202,True,27.0,False,0,111
FD004,RandomForest,203,True,39.0,False,0,194
FD004,RandomForest,204,True,24.0,False,0,81
FD004,RandomForest,205,True,50.0,False,0,112
FD004,RandomForest,206,True,23.0,False,0,133
FD004,RandomForest,207,True,31.0,False,0,249
FD004,RandomForest,208,True,34.0,False,0,160
FD004,RandomForest,209,True,22.0,False,0,31
FD004,RandomForest,210,True,28.0,False,0,37
FD004,RandomForest,211,True,23.0,False,0,16
FD004,RandomForest,212,True,31.0,False,0,99
FD004,RandomForest,213,True,38.0,False,0,67
FD004,RandomForest,214,True,14.0,False,0,0
FD004,RandomForest,215,True,43.0,False,0,231
FD004,RandomForest,216,True,31.0,False,0,114
FD004,RandomForest,217,True,25.0,False,0,70
FD004,RandomForest,218,True,38.0,False,0,106
FD004,RandomForest,219,True,21.0,False,0,60
FD004,RandomForest,220,True,24.0,False,0,72
FD004,RandomForest,221,True,35.0,False,0,144
FD004,RandomForest,222,True,29.0,False,0,72
FD004,RandomForest,223,True,22.0,False,0,117
FD004,RandomForest,224,True,29.0,False,0,138
FD004,RandomForest,225,True,31.0,False,0,288
FD004,RandomForest,226,True,19.0,False,0,64
FD004,RandomForest,227,True,21.0,False,0,157
FD004,RandomForest,228,True,25.0,False,0,149
FD004,RandomForest,229,True,28.0,False,0,150
FD004,RandomForest,230,True,28.0,False,0,120
FD004,RandomForest,231,True,21.0,False,0,64
FD004,RandomForest,232,True,23.0,False,0,143
FD004,RandomForest,233,True,42.0,False,0,159
FD004,RandomForest,234,True,33.0,False,0,77
FD004,RandomForest,235,True,16.0,False,0,69
FD004,RandomForest,236,True,20.0,False,0,95
FD004,RandomForest,237,True,29.0,False,0,82
FD004,RandomForest,238,True,23.0,False,0,57
FD004,RandomForest,239,True,39.0,False,0,235
FD004,RandomForest,240,True,14.0,False,0,19
FD004,RandomForest,241,True,33.0,False,0,202
FD004,RandomForest,242,True,29.0,False,0,92
FD004,RandomForest,243,True,23.0,False,0,197
FD004,RandomForest,244,True,38.0,False,0,137
FD004,RandomForest,245,True,19.0,False,0,75
FD004,RandomForest,246,True,39.0,False,0,31
FD004,RandomForest,247,True,24.0,False,0,81
FD004,RandomForest,248,True,32.0,False,0,54
FD004,RandomForest,249,True,27.0,False,0,125
FD004,XGBoost,1,True,24.0,False,0,191
FD004,XGBoost,2,True,19.0,False,0,169
FD004,XGBoost,3,True,37.0,False,0,177
FD004,XGBoost,4,True,44.0,False,0,144
FD004,XGBoost,5,True,29.0,False,0,63
FD004,XGBoost,6,True,26.0,False,0,201
FD004,XGBoost,7,True,41.0,False,0,91
FD004,XGBoost,8,True,22.0,False,0,100
FD004,XGBoost,9,True,23.0,False,0,204
FD004,XGBoost,10,True,25.0,False,0,224
FD004,XGBoost,11,True,48.0,False,0,171
FD004,XGBoost,12,True,29.0,False,0,142
FD004,XGBoost,13,True,36.0,False,0,126
FD004,XGBoost,14,True,27.0,False,0,123
FD004,XGBoost,15,True,27.0,False,0,94
FD004,XGBoost,16,True,24.0,False,0,54
FD004,XGBoost,17,True,18.0,False,0,21
FD004,XGBoost,18,True,27.0,False,0,213
FD004,XGBoost,19,True,39.0,False,0,80
FD004,XGBoost,20,True,41.0,False,0,115
FD004,XGBoost,21,True,26.0,False,0,97
FD004,XGBoost,22,True,22.0,False,0,81
FD004,XGBoost,23,True,25.0,False,0,150
FD004,XGBoost,24,True,24.0,False,0,56
FD004,XGBoost,25,True,24.0,False,0,20
FD004,XGBoost,26,True,45.0,False,0,167
FD004,XGBoost,27,True,27.0,False,0,33
FD004,XGBoost,28,True,28.0,False,0,72
FD004,XGBoost,29,True,49.0,False,0,117
FD004,XGBoost,30,True,41.0,False,0,167
FD004,XGBoost,31,True,35.0,False,0,133
FD004,XGBoost,32,True,35.0,False,0,89
FD004,XGBoost,33,True,20.0,False,0,71
FD004,XGBoost,34,True,34.0,False,0,146
FD004,XGBoost,35,True,21.0,False,0,91
FD004,XGBoost,36,True,28.0,False,0,13
FD004,XGBoost,37,True,29.0,False,0,258
FD004,XGBoost,38,True,27.0,False,0,47
FD004,XGBoost,39,True,25.0,False,0,72
FD004,XGBoost,40,True,26.0,False,0,76
FD004,XGBoost,41,True,48.0,False,0,149
FD004,XGBoost,42,True,31.0,False,0,150
FD004,XGBoost,43,True,24.0,False,0,93
FD004,XGBoost,44,True,21.0,False,0,73
FD004,XGBoost,45,True,19.0,False,0,47
FD004,XGBoost,46,True,17.0,False,0,191
FD004,XGBoost,47,True,34.0,False,0,245
FD004,XGBoost,48,True,28.0,False,0,192
FD004,XGBoost,49,True,30.0,False,0,316
FD004,XGBoost,50,True,27.0,False,0,42
FD004,XGBoost,51,True,22.0,False,0,155
FD004,XGBoost,52,True,30.0,False,0,227
FD004,XGBoost,53,True,33.0,False,0,174
FD004,XGBoost,54,True,28.0,False,0,67
FD004,XGBoost,55,True,29.0,False,0,214
FD004,XGBoost,56,True,60.0,False,0,217
FD004,XGBoost,57,True,42.0,False,0,63
FD004,XGBoost,58,True,22.0,False,0,151
FD004,XGBoost,59,True,23.0,False,0,47
FD004,XGBoost,60,True,29.0,False,0,88
FD004,XGBoost,61,True,26.0,False,0,114
FD004,XGBoost,62,True,89.0,False,0,167
FD004,XGBoost,63,True,26.0,False,0,40
FD004,XGBoost,64,True,27.0,False,0,54
FD004,XGBoost,65,True,68.0,False,0,221
FD004,XGBoost,66,True,20.0,False,0,45
FD004,XGBoost,67,True,23.0,False,0,37
FD004,XGBoost,68,True,30.0,False,0,33
FD004,XGBoost,69,True,27.0,False,0,96
FD004,XGBoost,70,True,23.0,False,0,55
FD004,XGBoost,71,False,0.0,True,74,182
FD004,XGBoost,72,True,34.0,False,0,178
FD004,XGBoost,73,True,40.0,False,0,51
FD004,XGBoost,74,True,29.0,False,0,114
FD004,XGBoost,75,True,55.0,False,0,100
FD004,XGBoost,76,True,21.0,False,0,22
FD004,XGBoost,77,True,20.0,False,0,18
FD004,XGBoost,78,True,18.0,False,0,120
FD004,XGBoost,79,True,22.0,False,0,88
FD004,XGBoost,80,True,26.0,False,0,175
FD004,XGBoost,81,True,29.0,False,0,57
FD004,XGBoost,82,True,35.0,False,0,67
FD004,XGBoost,83,True,19.0,False,0,54
FD004,XGBoost,84,True,22.0,False,0,29
FD004,XGBoost,85,True,38.0,False,0,147
FD004,XGBoost,86,True,31.0,False,0,102
FD004,XGBoost,87,True,19.0,False,0,129
FD004,XGBoost,88,True,27.0,False,0,258
FD004,XGBoost,89,True,26.0,False,0,38
FD004,XGBoost,90,True,27.0,False,0,82
FD004,XGBoost,91,True,26.0,False,0,224
FD004,XGBoost,92,True,21.0,False,0,61
FD004,XGBoost,93,True,24.0,False,0,66
FD004,XGBoost,94,True,25.0,False,0,119
FD004,XGBoost,95,True,20.0,False,0,109
FD004,XGBoost,96,True,31.0,False,0,140
FD004,XGBoost,97,True,32.0,False,0,132
FD004,XGBoost,98,True,33.0,False,0,115
FD004,XGBoost,99,True,24.0,False,0,37
FD004,XGBoost,100,True,28.0,False,0,131
FD004,XGBoost,101,True,31.0,False,0,130
FD004,XGBoost,102,True,28.0,False,0,64
FD004,XGBoost,103,True,33.0,False,0,94
FD004,XGBoost,104,True,23.0,False,0,73
FD004,XGBoost,105,True,18.0,False,0,40
FD004,XGBoost,106,True,38.0,False,0,136
FD004,XGBoost,107,True,25.0,False,0,53
FD004,XGBoost,108,True,27.0,False,0,174
FD004,XGBoost,109,True,28.0,False,0,195
FD004,XGBoost,110,True,24.0,False,0,56
FD004,XGBoost,111,True,32.0,False,0,167
FD004,XGBoost,112,True,25.0,False,0,210
FD004,XGBoost,113,True,26.0,False,0,54
FD004,XGBoost,114,True,14.0,False,0,31
FD004,XGBoost,115,True,24.0,False,0,1
FD004,XGBoost,116,True,26.0,False,0,214
FD004,XGBoost,117,True,33.0,False,0,212
FD004,XGBoost,118,True,40.0,False,0,413
FD004,XGBoost,119,True,31.0,False,0,57
FD004,XGBoost,120,True,26.0,False,0,47
FD004,XGBoost,121,True,20.0,False,0,64
FD004,XGBoost,122,True,24.0,False,0,44
FD004,XGBoost,123,True,37.0,False,0,96
FD004,XGBoost,124,True,20.0,False,0,40
FD004,XGBoost,125,True,24.0,False,0,109
FD004,XGBoost,126,True,31.0,False,0,172
FD004,XGBoost,127,True,26.0,False,0,105
FD004,XGBoost,128,True,10.0,False,0,118
FD004,XGBoost,129,True,27.0,False,0,60
FD004,XGBoost,130,True,17.0,False,0,36
FD004,XGBoost,131,True,28.0,False,0,240
FD004,XGBoost,132,True,31.0,False,0,124
FD004,XGBoost,133,True,40.0,False,0,359
FD004,XGBoost,134,True,33.0,False,0,117
FD004,XGBoost,135,True,20.0,False,0,19
FD004,XGBoost,136,True,22.0,False,0,75
FD004,XGBoost,137,True,27.0,False,0,95
FD004,XGBoost,138,True,26.0,False,0,48
FD004,XGBoost,139,True,33.0,False,0,121
FD004,XGBoost,140,True,50.0,False,0,168
FD004,XGBoost,141,True,42.0,False,0,69
FD004,XGBoost,142,True,24.0,False,0,79
FD004,XGBoost,143,True,28.0,False,0,54
FD004,XGBoost,144,True,29.0,False,0,167
FD004,XGBoost,145,True,27.0,False,0,98
FD004,XGBoost,146,True,37.0,False,0,173
FD004,XGBoost,147,True,31.0,False,0,104
FD004,XGBoost,148,True,22.0,False,0,63
FD004,XGBoost,149,True,16.0,False,0,131
FD004,XGBoost,150,True,22.0,False,0,19
FD004,XGBoost,151,True,32.0,False,0,221
FD004,XGBoost,152,True,27.0,False,0,132
FD004,XGBoost,153,True,26.0,False,0,38
FD004,XGBoost,154,True,25.0,False,0,73
FD004,XGBoost,155,True,22.0,False,0,165
FD004,XGBoost,156,True,22.0,False,0,9
FD004,XGBoost,157,True,26.0,False,0,168
FD004,XGBoost,158,True,39.0,False,0,269
FD004,XGBoost,159,True,25.0,False,0,158
FD004,XGBoost,160,True,22.0,False,0,57
FD004,XGBoost,161,True,32.0,False,0,173
FD004,XGBoost,162,True,36.0,False,0,183
FD004,XGBoost,163,True,46.0,False,0,155
FD004,XGBoost,164,True,31.0,False,0,250
FD004,XGBoost,165,True,40.0,False,0,125
FD004,XGBoost,166,True,44.0,False,0,139
FD004,XGBoost,167,True,35.0,False,0,133
FD004,XGBoost,168,True,20.0,False,0,66
FD004,XGBoost,169,True,25.0,False,0,97
FD004,XGBoost,170,True,28.0,False,0,31
FD004,XGBoost,171,True,32.0,False,0,269
FD004,XGBoost,172,True,48.0,False,0,143
FD004,XGBoost,173,True,35.0,False,0,327
FD004,XGBoost,174,True,28.0,False,0,240
FD004,XGBoost,175,True,19.0,False,0,26
FD004,XGBoost,176,True,28.0,False,0,50
FD004,XGBoost,177,True,38.0,False,0,112
FD004,XGBoost,178,True,24.0,False,0,40
FD004,XGBoost,179,False,0.0,True,118,305
FD004,XGBoost,180,True,22.0,False,0,214
FD004,XGBoost,181,True,20.0,False,0,4
FD004,XGBoost,182,True,20.0,False,0,75
FD004,XGBoost,183,True,24.0,False,0,60
FD004,XGBoost,184,True,91.0,False,0,249
FD004,XGBoost,185,True,89.0,False,0,129
FD004,XGBoost,186,True,16.0,False,0,33
FD004,XGBoost,187,True,23.0,False,0,143
FD004,XGBoost,188,True,27.0,False,0,124
FD004,XGBoost,189,True,42.0,False,0,109
FD004,XGBoost,190,True,27.0,False,0,251
FD004,XGBoost,191,True,32.0,False,0,167
FD004,XGBoost,192,True,31.0,False,0,60
FD004,XGBoost,193,True,31.0,False,0,67
FD004,XGBoost,194,True,16.0,False,0,15
FD004,XGBoost,195,True,25.0,False,0,29
FD004,XGBoost,196,True,24.0,False,0,44
FD004,XGBoost,197,True,31.0,False,0,40
FD004,XGBoost,198,True,26.0,False,0,34
FD004,XGBoost,199,True,30.0,False,0,46
FD004,XGBoost,200,True,23.0,False,0,95
FD004,XGBoost,201,True,44.0,False,0,248
FD004,XGBoost,202,True,27.0,False,0,111
FD004,XGBoost,203,True,35.0,False,0,194
FD004,XGBoost,204,True,26.0,False,0,81
FD004,XGBoost,205,True,35.0,False,0,112
FD004,XGBoost,206,True,23.0,False,0,133
FD004,XGBoost,207,True,20.0,False,0,249
FD004,XGBoost,208,True,32.0,False,0,160
FD004,XGBoost,209,True,22.0,False,0,31
FD004,XGBoost,210,True,24.0,False,0,37
FD004,XGBoost,211,True,23.0,False,0,16
FD004,XGBoost,212,True,31.0,False,0,99
FD004,XGBoost,213,True,24.0,False,0,67
FD004,XGBoost,214,True,14.0,False,0,0
FD004,XGBoost,215,True,44.0,False,0,231
FD004,XGBoost,216,True,31.0,False,0,114
FD004,XGBoost,217,True,25.0,False,0,70
FD004,XGBoost,218,True,41.0,False,0,106
FD004,XGBoost,219,True,20.0,False,0,60
FD004,XGBoost,220,True,24.0,False,0,72
FD004,XGBoost,221,True,36.0,False,0,144
FD004,XGBoost,222,True,30.0,False,0,72
FD004,XGBoost,223,True,37.0,False,0,117
FD004,XGBoost,224,True,24.0,False,0,138
FD004,XGBoost,225,True,32.0,False,0,288
FD004,XGBoost,226,True,24.0,False,0,64
FD004,XGBoost,227,True,25.0,False,0,157
FD004,XGBoost,228,True,25.0,False,0,149
FD004,XGBoost,229,True,30.0,False,0,150
FD004,XGBoost,230,True,28.0,False,0,120
FD004,XGBoost,231,True,27.0,False,0,64
FD004,XGBoost,232,True,20.0,False,0,143
FD004,XGBoost,233,True,40.0,False,0,159
FD004,XGBoost,234,True,25.0,False,0,77
FD004,XGBoost,235,True,16.0,False,0,69
FD004,XGBoost,236,True,19.0,False,0,95
FD004,XGBoost,237,True,30.0,False,0,82
FD004,XGBoost,238,True,28.0,False,0,57
FD004,XGBoost,239,True,29.0,False,0,235
FD004,XGBoost,240,True,21.0,False,0,19
FD004,XGBoost,241,True,35.0,False,0,202
FD004,XGBoost,242,True,32.0,False,0,92
FD004,XGBoost,243,True,26.0,False,0,197
FD004,XGBoost,244,True,38.0,False,0,137
FD004,XGBoost,245,True,20.0,False,0,75
FD004,XGBoost,246,True,44.0,False,0,31
FD004,XGBoost,247,True,24.0,False,0,81
FD004,XGBoost,248,True,21.0,False,0,54
FD004,XGBoost,249,True,27.0,False,0,125
FD004,LSTM,1,True,32.0,False,0,191
FD004,LSTM,2,True,20.0,False,0,169
FD004,LSTM,3,True,35.0,False,0,177
FD004,LSTM,4,True,49.0,False,0,144
FD004,LSTM,5,True,26.0,False,0,63
FD004,LSTM,6,True,25.0,False,0,201
FD004,LSTM,7,True,74.0,False,0,91
FD004,LSTM,8,True,27.0,False,0,100
FD004,LSTM,9,True,30.0,False,0,204
FD004,LSTM,10,True,61.0,False,0,224
FD004,LSTM,11,True,54.0,False,0,171
FD004,LSTM,12,True,22.0,False,0,142
FD004,LSTM,13,True,33.0,False,0,126
FD004,LSTM,14,True,31.0,False,0,123
FD004,LSTM,15,True,28.0,False,0,94
FD004,LSTM,16,True,23.0,False,0,54
FD004,LSTM,17,True,23.0,False,0,21
FD004,LSTM,18,True,28.0,False,0,213
FD004,LSTM,19,True,45.0,False,0,80
FD004,LSTM,20,True,44.0,False,0,115
FD004,LSTM,21,True,23.0,False,0,97
FD004,LSTM,22,True,34.0,False,0,81
FD004,LSTM,23,True,31.0,False,0,150
FD004,LSTM,24,True,27.0,False,0,56
FD004,LSTM,25,True,23.0,False,0,20
FD004,LSTM,26,True,34.0,False,0,167
FD004,LSTM,27,True,29.0,False,0,33
FD004,LSTM,28,True,31.0,False,0,72
FD004,LSTM,29,True,48.0,False,0,117
FD004,LSTM,30,True,37.0,False,0,167
FD004,LSTM,31,True,33.0,False,0,133
FD004,LSTM,32,True,23.0,False,0,89
FD004,LSTM,33,True,17.0,False,0,71
FD004,LSTM,34,True,33.0,False,0,146
FD004,LSTM,35,True,21.0,False,0,91
FD004,LSTM,36,True,28.0,False,0,13
FD004,LSTM,37,True,41.0,False,0,258
FD004,LSTM,38,True,31.0,False,0,47
FD004,LSTM,39,True,29.0,False,0,72
FD004,LSTM,40,True,25.0,False,0,76
FD004,LSTM,41,True,49.0,False,0,149
FD004,LSTM,42,True,31.0,False,0,150
FD004,LSTM,43,True,27.0,False,0,93
FD004,LSTM,44,True,23.0,False,0,73
FD004,LSTM,45,True,19.0,False,0,47
FD004,LSTM,46,True,29.0,False,0,191
FD004,LSTM,47,True,33.0,False,0,245
FD004,LSTM,48,True,29.0,False,0,192
FD004,LSTM,49,True,38.0,False,0,316
FD004,LSTM,50,True,29.0,False,0,42
FD004,LSTM,51,True,29.0,False,0,155
FD004,LSTM,52,True,35.0,False,0,227
FD004,LSTM,53,True,26.0,False,0,174
FD004,LSTM,54,True,30.0,False,0,67
FD004,LSTM,55,True,39.0,False,0,214
FD004,LSTM,56,True,31.0,False,0,217
FD004,LSTM,57,True,30.0,False,0,63
FD004,LSTM,58,True,20.0,False,0,151
FD004,LSTM,59,True,24.0,False,0,47
FD004,LSTM,60,True,26.0,False,0,88
FD004,LSTM,61,True,26.0,False,0,114
FD004,LSTM,62,True,85.0,False,0,167
FD004,LSTM,63,True,14.0,False,0,40
FD004,LSTM,64,True,32.0,False,0,54
FD004,LSTM,65,True,67.0,False,0,221
FD004,LSTM,66,True,27.0,False,0,45
FD004,LSTM,67,True,18.0,False,0,37
FD004,LSTM,68,True,36.0,False,0,33
FD004,LSTM,69,True,34.0,False,0,96
FD004,LSTM,70,True,22.0,False,0,55
FD004,LSTM,71,False,0.0,True,77,182
FD004,LSTM,72,True,35.0,False,0,178
FD004,LSTM,73,True,14.0,False,0,51
FD004,LSTM,74,True,34.0,False,0,114
FD004,LSTM,75,True,55.0,False,0,100
FD004,LSTM,76,True,28.0,False,0,22
FD004,LSTM,77,True,23.0,False,0,18
FD004,LSTM,78,True,29.0,False,0,120
FD004,LSTM,79,True,23.0,False,0,88
FD004,LSTM,80,True,32.0,False,0,175
FD004,LSTM,81,True,24.0,False,0,57
FD004,LSTM,82,True,34.0,False,0,67
FD004,LSTM,83,True,23.0,False,0,54
FD004,LSTM,84,True,22.0,False,0,29
FD004,LSTM,85,True,40.0,False,0,147
FD004,LSTM,86,True,32.0,False,0,102
FD004,LSTM,87,True,24.0,False,0,129
FD004,LSTM,88,True,32.0,False,0,258
FD004,LSTM,89,True,24.0,False,0,38
FD004,LSTM,90,True,24.0,False,0,82
FD004,LSTM,91,True,26.0,False,0,224
FD004,LSTM,92,True,21.0,False,0,61
FD004,LSTM,93,True,35.0,False,0,66
FD004,LSTM,94,True,27.0,False,0,119
FD004,LSTM,95,True,20.0,False,0,109
FD004,LSTM,96,True,34.0,False,0,140
FD004,LSTM,97,True,34.0,False,0,132
FD004,LSTM,98,True,38.0,False,0,115
FD004,LSTM,99,True,29.0,False,0,37
FD004,LSTM,100,True,27.0,False,0,131
FD004,LSTM,101,True,38.0,False,0,130
FD004,LSTM,102,True,29.0,False,0,64
FD004,LSTM,103,True,34.0,False,0,94
FD004,LSTM,104,True,25.0,False,0,73
FD004,LSTM,105,True,13.0,False,0,40
FD004,LSTM,106,True,31.0,False,0,136
FD004,LSTM,107,True,25.0,False,0,53
FD004,LSTM,108,True,38.0,False,0,174
FD004,LSTM,109,True,29.0,False,0,195
FD004,LSTM,110,True,19.0,False,0,56
FD004,LSTM,111,True,31.0,False,0,167
FD004,LSTM,112,True,27.0,False,0,210
FD004,LSTM,113,True,25.0,False,0,54
FD004,LSTM,114,True,20.0,False,0,31
FD004,LSTM,115,True,30.0,False,0,1
FD004,LSTM,116,True,27.0,False,0,214
FD004,LSTM,117,True,34.0,False,0,212
FD004,LSTM,118,True,42.0,False,0,413
FD004,LSTM,119,True,33.0,False,0,57
FD004,LSTM,120,True,33.0,False,0,47
FD004,LSTM,121,True,33.0,False,0,64
FD004,LSTM,122,True,35.0,False,0,44
FD004,LSTM,123,True,27.0,False,0,96
FD004,LSTM,124,True,21.0,False,0,40
FD004,LSTM,125,True,24.0,False,0,109
FD004,LSTM,126,True,25.0,False,0,172
FD004,LSTM,127,True,31.0,False,0,105
FD004,LSTM,128,True,31.0,False,0,118
FD004,LSTM,129,True,29.0,False,0,60
FD004,LSTM,130,True,17.0,False,0,36
FD004,LSTM,131,True,36.0,False,0,240
FD004,LSTM,132,True,20.0,False,0,124
FD004,LSTM,133,True,40.0,False,0,359
FD004,LSTM,134,True,28.0,False,0,117
FD004,LSTM,135,True,24.0,False,0,19
FD004,LSTM,136,True,23.0,False,0,75
FD004,LSTM,137,True,26.0,False,0,95
FD004,LSTM,138,True,23.0,False,0,48
FD004,LSTM,139,True,31.0,False,0,121
FD004,LSTM,140,True,51.0,False,0,168
FD004,LSTM,141,True,41.0,False,0,69
FD004,LSTM,142,True,25.0,False,0,79
FD004,LSTM,143,True,28.0,False,0,54
FD004,LSTM,144,True,36.0,False,0,167
FD004,LSTM,145,True,27.0,False,0,98
FD004,LSTM,146,True,50.0,False,0,173
FD004,LSTM,147,True,29.0,False,0,104
FD004,LSTM,148,True,25.0,False,0,63
FD004,LSTM,149,True,26.0,False,0,131
FD004,LSTM,150,True,24.0,False,0,19
FD004,LSTM,151,True,31.0,False,0,221
FD004,LSTM,152,True,26.0,False,0,132
FD004,LSTM,153,True,27.0,False,0,38
FD004,LSTM,154,True,24.0,False,0,73
FD004,LSTM,155,True,24.0,False,0,165
FD004,LSTM,156,True,29.0,False,0,9
FD004,LSTM,157,True,21.0,False,0,168
FD004,LSTM,158,True,39.0,False,0,269
FD004,LSTM,159,True,35.0,False,0,158
FD004,LSTM,160,True,39.0,False,0,57
FD004,LSTM,161,True,33.0,False,0,173
FD004,LSTM,162,True,34.0,False,0,183
FD004,LSTM,163,True,32.0,False,0,155
FD004,LSTM,164,True,31.0,False,0,250
FD004,LSTM,165,True,45.0,False,0,125
FD004,LSTM,166,True,41.0,False,0,139
FD004,LSTM,167,True,40.0,False,0,133
FD004,LSTM,168,True,29.0,False,0,66
FD004,LSTM,169,True,28.0,False,0,97
FD004,LSTM,170,True,34.0,False,0,31
FD004,LSTM,171,True,46.0,False,0,269
FD004,LSTM,172,True,33.0,False,0,143
FD004,LSTM,173,True,38.0,False,0,327
FD004,LSTM,174,True,36.0,False,0,240
FD004,LSTM,175,True,10.0,False,0,26
FD004,LSTM,176,True,22.0,False,0,50
FD004,LSTM,177,True,37.0,False,0,112
FD004,LSTM,178,True,25.0,False,0,40
FD004,LSTM,179,False,0.0,True,117,305
FD004,LSTM,180,True,28.0,False,0,214
FD004,LSTM,181,True,18.0,False,0,4
FD004,LSTM,182,True,19.0,False,0,75
FD004,LSTM,183,True,22.0,False,0,60
FD004,LSTM,184,True,91.0,False,0,249
FD004,LSTM,185,True,96.0,False,0,129
FD004,LSTM,186,True,18.0,False,0,33
FD004,LSTM,187,True,32.0,False,0,143
FD004,LSTM,188,True,30.0,False,0,124
FD004,LSTM,189,True,41.0,False,0,109
FD004,LSTM,190,True,29.0,False,0,251
FD004,LSTM,191,True,32.0,False,0,167
FD004,LSTM,192,True,30.0,False,0,60
FD004,LSTM,193,True,30.0,False,0,67
FD004,LSTM,194,True,24.0,False,0,15
FD004,LSTM,195,True,25.0,False,0,29
FD004,LSTM,196,True,22.0,False,0,44
FD004,LSTM,197,True,31.0,False,0,40
FD004,LSTM,198,True,29.0,False,0,34
FD004,LSTM,199,True,33.0,False,0,46
FD004,LSTM,200,True,32.0,False,0,95
FD004,LSTM,201,True,44.0,False,0,248
FD004,LSTM,202,True,31.0,False,0,111
FD004,LSTM,203,True,40.0,False,0,194
FD004,LSTM,204,True,24.0,False,0,81
FD004,LSTM,205,True,29.0,False,0,112
FD004,LSTM,206,True,24.0,False,0,133
FD004,LSTM,207,True,41.0,False,0,249
FD004,LSTM,208,True,34.0,False,0,160
FD004,LSTM,209,True,20.0,False,0,31
FD004,LSTM,210,True,26.0,False,0,37
FD004,LSTM,211,True,25.0,False,0,16
FD004,LSTM,212,True,21.0,False,0,99
FD004,LSTM,213,True,32.0,False,0,67
FD004,LSTM,214,True,16.0,False,0,0
FD004,LSTM,215,True,43.0,False,0,231
FD004,LSTM,216,True,33.0,False,0,114
FD004,LSTM,217,True,28.0,False,0,70
FD004,LSTM,218,True,40.0,False,0,106
FD004,LSTM,219,True,22.0,False,0,60
FD004,LSTM,220,True,31.0,False,0,72
FD004,LSTM,221,True,29.0,False,0,144
FD004,LSTM,222,True,23.0,False,0,72
FD004,LSTM,223,True,22.0,False,0,117
FD004,LSTM,224,True,25.0,False,0,138
FD004,LSTM,225,True,43.0,False,0,288
FD004,LSTM,226,True,17.0,False,0,64
FD004,LSTM,227,True,24.0,False,0,157
FD004,LSTM,228,True,25.0,False,0,149
FD004,LSTM,229,True,27.0,False,0,150
FD004,LSTM,230,True,27.0,False,0,120
FD004,LSTM,231,True,31.0,False,0,64
FD004,LSTM,232,True,22.0,False,0,143
FD004,LSTM,233,True,47.0,False,0,159
FD004,LSTM,234,True,30.0,False,0,77
FD004,LSTM,235,True,18.0,False,0,69
FD004,LSTM,236,True,19.0,False,0,95
FD004,LSTM,237,True,27.0,False,0,82
FD004,LSTM,238,True,19.0,False,0,57
FD004,LSTM,239,True,25.0,False,0,235
FD004,LSTM,240,True,24.0,False,0,19
FD004,LSTM,241,True,34.0,False,0,202
FD004,LSTM,242,True,32.0,False,0,92
FD004,LSTM,243,True,23.0,False,0,197
FD004,LSTM,244,True,39.0,False,0,137
FD004,LSTM,245,True,24.0,False,0,75
FD004,LSTM,246,True,44.0,False,0,31
FD004,LSTM,247,True,26.0,False,0,81
FD004,LSTM,248,True,45.0,False,0,54
FD004,LSTM,249,True,27.0,False,0,125
FD004,Static_Threshold,3,True,78.0,False,0,206
FD004,Static_Threshold,5,True,31.0,False,0,92
FD004,Static_Threshold,6,True,52.0,False,0,230
FD004,Static_Threshold,16,True,21.0,False,0,83
FD004,Static_Threshold,17,True,5.0,False,0,50
FD004,Static_Threshold,18,True,48.0,False,0,242
FD004,Static_Threshold,24,True,4.0,False,0,85
FD004,Static_Threshold,30,True,37.0,False,0,196
FD004,Static_Threshold,31,True,10.0,False,0,162
FD004,Static_Threshold,36,True,15.0,False,0,42
FD004,Static_Threshold,37,True,49.0,False,0,287
FD004,Static_Threshold,39,True,20.0,False,0,101
FD004,Static_Threshold,43,True,37.0,False,0,122
FD004,Static_Threshold,46,True,46.0,False,0,220
FD004,Static_Threshold,54,True,29.0,False,0,96
FD004,Static_Threshold,59,True,8.0,False,0,76
FD004,Static_Threshold,63,True,19.0,False,0,69
FD004,Static_Threshold,65,True,87.0,False,0,250
FD004,Static_Threshold,74,True,17.0,False,0,143
FD004,Static_Threshold,85,True,23.0,False,0,176
FD004,Static_Threshold,101,True,15.0,False,0,159
FD004,Static_Threshold,118,False,0.0,True,3,442
FD004,Static_Threshold,119,True,18.0,False,0,86
FD004,Static_Threshold,120,True,5.0,False,0,76
FD004,Static_Threshold,134,True,11.0,False,0,146
FD004,Static_Threshold,140,True,80.0,False,0,197
FD004,Static_Threshold,141,True,18.0,False,0,98
FD004,Static_Threshold,142,True,21.0,False,0,108
FD004,Static_Threshold,145,True,22.0,False,0,127
FD004,Static_Threshold,146,True,38.0,False,0,202
FD004,Static_Threshold,147,True,22.0,False,0,133
FD004,Static_Threshold,148,True,17.0,False,0,92
FD004,Static_Threshold,156,True,15.0,False,0,38
FD004,Static_Threshold,159,True,29.0,False,0,187
FD004,Static_Threshold,165,True,12.0,False,0,154
FD004,Static_Threshold,182,True,7.0,False,0,104
FD004,Static_Threshold,186,True,6.0,False,0,62
FD004,Static_Threshold,187,True,44.0,False,0,172
FD004,Static_Threshold,189,True,16.0,False,0,138
FD004,Static_Threshold,195,True,3.0,False,0,58
FD004,Static_Threshold,196,True,13.0,False,0,73
FD004,Static_Threshold,198,True,53.0,False,0,63
FD004,Static_Threshold,201,True,48.0,False,0,277
FD004,Static_Threshold,204,True,22.0,False,0,110
FD004,Static_Threshold,215,True,46.0,False,0,260
FD004,Static_Threshold,224,True,43.0,False,0,167
FD004,Static_Threshold,229,True,36.0,False,0,179
FD004,Static_Threshold,230,True,46.0,False,0,149
FD004,Static_Threshold,236,True,29.0,False,0,124
FD004,Static_Threshold,242,True,15.0,False,0,121
FD004,Static_Threshold,13,True,18.0,False,0,155
FD004,Static_Threshold,27,True,24.0,False,0,62
FD004,Static_Threshold,29,True,24.0,False,0,146
FD004,Static_Threshold,40,True,15.0,False,0,105
FD004,Static_Threshold,41,True,37.0,False,0,178
FD004,Static_Threshold,48,True,37.0,False,0,221
FD004,Static_Threshold,50,True,32.0,False,0,71
FD004,Static_Threshold,51,True,50.0,False,0,184
FD004,Static_Threshold,55,True,41.0,False,0,243
FD004,Static_Threshold,60,True,36.0,False,0,117
FD004,Static_Threshold,72,True,12.0,False,0,207
FD004,Static_Threshold,73,True,10.0,False,0,80
FD004,Static_Threshold,76,True,8.0,False,0,51
FD004,Static_Threshold,79,True,28.0,False,0,117
FD004,Static_Threshold,80,True,49.0,False,0,204
FD004,Static_Threshold,81,True,20.0,False,0,86
FD004,Static_Threshold,86,True,38.0,False,0,131
FD004,Static_Threshold,88,True,50.0,False,0,287
FD004,Static_Threshold,92,True,19.0,False,0,90
FD004,Static_Threshold,96,True,44.0,False,0,169
FD004,Static_Threshold,104,True,28.0,False,0,102
FD004,Static_Threshold,106,True,31.0,False,0,165
FD004,Static_Threshold,113,True,7.0,False,0,83
FD004,Static_Threshold,123,True,37.0,False,0,125
FD004,Static_Threshold,126,True,49.0,False,0,201
FD004,Static_Threshold,128,True,66.0,False,0,147
FD004,Static_Threshold,132,True,33.0,False,0,153
FD004,Static_Threshold,133,True,64.0,False,0,388
FD004,Static_Threshold,135,True,10.0,False,0,48
FD004,Static_Threshold,137,True,14.0,False,0,124
FD004,Static_Threshold,144,True,59.0,False,0,196
FD004,Static_Threshold,149,True,52.0,False,0,160
FD004,Static_Threshold,151,True,56.0,False,0,250
FD004,Static_Threshold,153,True,4.0,False,0,67
FD004,Static_Threshold,155,True,44.0,False,0,194
FD004,Static_Threshold,168,True,13.0,False,0,95
FD004,Static_Threshold,175,True,9.0,False,0,55
FD004,Static_Threshold,184,False,0.0,True,19,278
FD004,Static_Threshold,199,True,7.0,False,0,75
FD004,Static_Threshold,202,True,39.0,False,0,140
FD004,Static_Threshold,210,True,29.0,False,0,66
FD004,Static_Threshold,217,True,12.0,False,0,99
FD004,Static_Threshold,218,True,9.0,False,0,135
FD004,Static_Threshold,220,True,17.0,False,0,101
FD004,Static_Threshold,226,True,26.0,False,0,93
FD004,Static_Threshold,232,True,20.0,False,0,172
FD004,Static_Threshold,238,True,19.0,False,0,86
FD004,Static_Threshold,239,True,60.0,False,0,264
FD004,Static_Threshold,241,True,18.0,False,0,231
FD004,Static_Threshold,2,True,17.0,False,0,198
FD004,Static_Threshold,4,True,59.0,False,0,173
FD004,Static_Threshold,10,True,50.0,False,0,253
FD004,Static_Threshold,12,True,38.0,False,0,171
FD004,Static_Threshold,14,True,35.0,False,0,152
FD004,Static_Threshold,23,True,9.0,False,0,179
FD004,Static_Threshold,26,True,29.0,False,0,196
FD004,Static_Threshold,35,True,53.0,False,0,120
FD004,Static_Threshold,38,True,12.0,False,0,76
FD004,Static_Threshold,44,True,23.0,False,0,102
FD004,Static_Threshold,53,True,40.0,False,0,203
FD004,Static_Threshold,58,True,39.0,False,0,180
FD004,Static_Threshold,61,True,31.0,False,0,143
FD004,Static_Threshold,70,True,10.0,False,0,84
FD004,Static_Threshold,75,True,61.0,False,0,129
FD004,Static_Threshold,77,True,8.0,False,0,47
FD004,Static_Threshold,82,True,24.0,False,0,96
FD004,Static_Threshold,83,True,7.0,False,0,83
FD004,Static_Threshold,90,True,28.0,False,0,111
FD004,Static_Threshold,98,True,49.0,False,0,144
FD004,Static_Threshold,99,True,11.0,False,0,66
FD004,Static_Threshold,109,True,43.0,False,0,224
FD004,Static_Threshold,112,True,16.0,False,0,239
FD004,Static_Threshold,116,True,52.0,False,0,243
FD004,Static_Threshold,121,True,19.0,False,0,93
FD004,Static_Threshold,124,True,7.0,False,0,69
FD004,Static_Threshold,127,True,33.0,False,0,134
FD004,Static_Threshold,131,True,49.0,False,0,269
FD004,Static_Threshold,152,True,30.0,False,0,161
FD004,Static_Threshold,158,True,94.0,False,0,298
FD004,Static_Threshold,162,True,41.0,False,0,212
FD004,Static_Threshold,169,True,27.0,False,0,126
FD004,Static_Threshold,170,True,8.0,False,0,60
FD004,Static_Threshold,173,True,65.0,False,0,356
FD004,Static_Threshold,176,True,9.0,False,0,79
FD004,Static_Threshold,183,True,18.0,False,0,89
FD004,Static_Threshold,185,True,97.0,False,0,158
FD004,Static_Threshold,191,True,54.0,False,0,196
FD004,Static_Threshold,197,True,9.0,False,0,69
FD004,Static_Threshold,200,True,34.0,False,0,124
FD004,Static_Threshold,206,True,13.0,False,0,162
FD004,Static_Threshold,207,True,80.0,False,0,278
FD004,Static_Threshold,214,True,15.0,False,0,27
FD004,Static_Threshold,219,True,42.0,False,0,89
FD004,Static_Threshold,223,True,16.0,False,0,146
FD004,Static_Threshold,234,True,23.0,False,0,106
FD004,Static_Threshold,235,True,39.0,False,0,98
FD004,Static_Threshold,240,True,7.0,False,0,48
FD004,Static_Threshold,245,True,9.0,False,0,104
FD004,Static_Threshold,246,True,11.0,False,0,60
FD004,Static_Threshold,7,True,18.0,False,0,120
FD004,Static_Threshold,8,True,21.0,False,0,129
FD004,Static_Threshold,11,True,24.0,False,0,200
FD004,Static_Threshold,19,True,32.0,False,0,109
FD004,Static_Threshold,28,True,8.0,False,0,101
FD004,Static_Threshold,34,True,37.0,False,0,175
FD004,Static_Threshold,45,True,26.0,False,0,76
FD004,Static_Threshold,47,True,43.0,False,0,274
FD004,Static_Threshold,49,True,73.0,False,0,345
FD004,Static_Threshold,52,True,54.0,False,0,256
FD004,Static_Threshold,57,True,14.0,False,0,92
FD004,Static_Threshold,64,True,15.0,False,0,83
FD004,Static_Threshold,67,True,7.0,False,0,66
FD004,Static_Threshold,69,True,28.0,False,0,125
FD004,Static_Threshold,71,False,0.0,True,84,211
FD004,Static_Threshold,78,True,41.0,False,0,149
FD004,Static_Threshold,89,True,30.0,False,0,67
FD004,Static_Threshold,100,True,42.0,False,0,160
FD004,Static_Threshold,103,True,24.0,False,0,123
FD004,Static_Threshold,108,True,68.0,False,0,203
FD004,Static_Threshold,110,True,23.0,False,0,85
FD004,Static_Threshold,111,True,47.0,False,0,196
FD004,Static_Threshold,114,True,28.0,False,0,60
FD004,Static_Threshold,115,True,26.0,False,0,30
FD004,Static_Threshold,117,True,60.0,False,0,241
FD004,Static_Threshold,122,True,15.0,False,0,73
FD004,Static_Threshold,125,True,62.0,False,0,138
FD004,Static_Threshold,136,True,21.0,False,0,104
FD004,Static_Threshold,138,True,5.0,False,0,77
FD004,Static_Threshold,150,True,9.0,False,0,48
FD004,Static_Threshold,160,True,11.0,False,0,86
FD004,Static_Threshold,166,True,26.0,False,0,168
FD004,Static_Threshold,171,False,0.0,True,1,298
FD004,Static_Threshold,180,True,64.0,False,0,243
FD004,Static_Threshold,188,True,26.0,False,0,153
FD004,Static_Threshold,190,True,46.0,False,0,280
FD004,Static_Threshold,193,True,28.0,False,0,96
FD004,Static_Threshold,203,True,86.0,False,0,223
FD004,Static_Threshold,205,True,21.0,False,0,141
FD004,Static_Threshold,208,True,34.0,False,0,189
FD004,Static_Threshold,209,True,15.0,False,0,60
FD004,Static_Threshold,211,True,5.0,False,0,45
FD004,Static_Threshold,213,True,20.0,False,0,96
FD004,Static_Threshold,216,True,31.0,False,0,143
FD004,Static_Threshold,227,True,46.0,False,0,186
FD004,Static_Threshold,228,True,47.0,False,0,178
FD004,Static_Threshold,231,True,13.0,False,0,93
FD004,Static_Threshold,244,True,41.0,False,0,166
FD004,Static_Threshold,247,True,26.0,False,0,110
FD004,Static_Threshold,249,True,30.0,False,0,154
FD004,Static_Threshold,1,True,36.0,False,0,220
FD004,Static_Threshold,9,True,51.0,False,0,233
FD004,Static_Threshold,15,True,53.0,False,0,123
FD004,Static_Threshold,20,True,34.0,False,0,144
FD004,Static_Threshold,21,True,46.0,False,0,126
FD004,Static_Threshold,22,True,38.0,False,0,110
FD004,Static_Threshold,25,True,7.0,False,0,49
FD004,Static_Threshold,32,True,47.0,False,0,118
FD004,Static_Threshold,33,True,34.0,False,0,100
FD004,Static_Threshold,42,True,48.0,False,0,179
FD004,Static_Threshold,56,True,35.0,False,0,246
FD004,Static_Threshold,62,True,88.0,False,0,196
FD004,Static_Threshold,66,True,19.0,False,0,74
FD004,Static_Threshold,68,True,23.0,False,0,62
FD004,Static_Threshold,84,True,7.0,False,0,58
FD004,Static_Threshold,87,True,62.0,False,0,158
FD004,Static_Threshold,91,True,54.0,False,0,253
FD004,Static_Threshold,93,True,30.0,False,0,95
FD004,Static_Threshold,94,True,41.0,False,0,148
FD004,Static_Threshold,95,True,35.0,False,0,138
FD004,Static_Threshold,97,True,54.0,False,0,161
FD004,Static_Threshold,102,True,11.0,False,0,93
FD004,Static_Threshold,105,True,5.0,False,0,69
FD004,Static_Threshold,107,True,15.0,False,0,82
FD004,Static_Threshold,129,True,10.0,False,0,89
FD004,Static_Threshold,130,True,9.0,False,0,65
FD004,Static_Threshold,139,True,34.0,False,0,150
FD004,Static_Threshold,143,True,11.0,False,0,83
FD004,Static_Threshold,154,True,25.0,False,0,102
FD004,Static_Threshold,157,True,27.0,False,0,197
FD004,Static_Threshold,161,True,52.0,False,0,202
FD004,Static_Threshold,163,True,93.0,False,0,184
FD004,Static_Threshold,164,True,51.0,False,0,279
FD004,Static_Threshold,167,True,20.0,False,0,162
FD004,Static_Threshold,172,True,71.0,False,0,172
FD004,Static_Threshold,174,True,52.0,False,0,269
FD004,Static_Threshold,177,True,35.0,False,0,141
FD004,Static_Threshold,178,True,27.0,False,0,69
FD004,Static_Threshold,179,False,0.0,True,139,334
FD004,Static_Threshold,181,True,6.0,False,0,33
FD004,Static_Threshold,192,True,16.0,False,0,89
FD004,Static_Threshold,194,True,5.0,False,0,44
FD004,Static_Threshold,212,True,37.0,False,0,128
FD004,Static_Threshold,221,True,67.0,False,0,173
FD004,Static_Threshold,222,True,12.0,False,0,101
FD004,Static_Threshold,225,True,47.0,False,0,317
FD004,Static_Threshold,233,True,52.0,False,0,188
FD004,Static_Threshold,237,True,20.0,False,0,111
FD004,Static_Threshold,243,True,47.0,False,0,226
FD004,Static_Threshold,248,True,34.0,False,0,83
FD004,EWMA_Control_Limits,3,True,78.0,False,0,206
FD004,EWMA_Control_Limits,5,True,46.0,False,0,92
FD004,EWMA_Control_Limits,6,True,50.0,False,0,230
FD004,EWMA_Control_Limits,16,True,32.0,False,0,83
FD004,EWMA_Control_Limits,17,True,4.0,False,0,50
FD004,EWMA_Control_Limits,18,True,48.0,False,0,242
FD004,EWMA_Control_Limits,24,False,0.0,False,0,85
FD004,EWMA_Control_Limits,30,True,24.0,False,0,196
FD004,EWMA_Control_Limits,31,True,30.0,False,0,162
FD004,EWMA_Control_Limits,36,False,0.0,False,0,42
FD004,EWMA_Control_Limits,37,True,48.0,False,0,287
FD004,EWMA_Control_Limits,39,True,30.0,False,0,101
FD004,EWMA_Control_Limits,43,True,32.0,False,0,122
FD004,EWMA_Control_Limits,46,True,48.0,False,0,220
FD004,EWMA_Control_Limits,54,True,19.0,False,0,96
FD004,EWMA_Control_Limits,59,True,2.0,False,0,76
FD004,EWMA_Control_Limits,63,True,17.0,False,0,69
FD004,EWMA_Control_Limits,65,True,88.0,False,0,250
FD004,EWMA_Control_Limits,74,True,12.0,False,0,143
FD004,EWMA_Control_Limits,85,True,38.0,False,0,176
FD004,EWMA_Control_Limits,101,True,16.0,False,0,159
FD004,EWMA_Control_Limits,118,True,93.0,False,0,442
FD004,EWMA_Control_Limits,119,True,36.0,False,0,86
FD004,EWMA_Control_Limits,120,True,2.0,False,0,76
FD004,EWMA_Control_Limits,134,False,0.0,False,0,146
FD004,EWMA_Control_Limits,140,True,82.0,False,0,197
FD004,EWMA_Control_Limits,141,True,16.0,False,0,98
FD004,EWMA_Control_Limits,142,True,27.0,False,0,108
FD004,EWMA_Control_Limits,145,True,28.0,False,0,127
FD004,EWMA_Control_Limits,146,True,53.0,False,0,202
FD004,EWMA_Control_Limits,147,True,23.0,False,0,133
FD004,EWMA_Control_Limits,148,True,26.0,False,0,92
FD004,EWMA_Control_Limits,156,True,11.0,False,0,38
FD004,EWMA_Control_Limits,159,True,26.0,False,0,187
FD004,EWMA_Control_Limits,165,True,3.0,False,0,154
FD004,EWMA_Control_Limits,182,True,6.0,False,0,104
FD004,EWMA_Control_Limits,186,False,0.0,False,0,62
FD004,EWMA_Control_Limits,187,True,36.0,False,0,172
FD004,EWMA_Control_Limits,189,True,1.0,False,0,138
FD004,EWMA_Control_Limits,195,False,0.0,False,0,58
FD004,EWMA_Control_Limits,196,True,19.0,False,0,73
FD004,EWMA_Control_Limits,198,True,65.0,False,0,63
FD004,EWMA_Control_Limits,201,True,61.0,False,0,277
FD004,EWMA_Control_Limits,204,True,22.0,False,0,110
FD004,EWMA_Control_Limits,215,True,49.0,False,0,260
FD004,EWMA_Control_Limits,224,True,36.0,False,0,167
FD004,EWMA_Control_Limits,229,True,43.0,False,0,179
FD004,EWMA_Control_Limits,230,True,37.0,False,0,149
FD004,EWMA_Control_Limits,236,True,31.0,False,0,124
FD004,EWMA_Control_Limits,242,True,6.0,False,0,121
FD004,EWMA_Control_Limits,13,True,23.0,False,0,155
FD004,EWMA_Control_Limits,27,False,0.0,False,0,62
FD004,EWMA_Control_Limits,29,True,17.0,False,0,146
FD004,EWMA_Control_Limits,40,True,19.0,False,0,105
FD004,EWMA_Control_Limits,41,True,67.0,False,0,178
FD004,EWMA_Control_Limits,48,False,0.0,True,221,221
FD004,EWMA_Control_Limits,50,True,28.0,False,0,71
FD004,EWMA_Control_Limits,51,True,53.0,False,0,184
FD004,EWMA_Control_Limits,55,True,50.0,False,0,243
FD004,EWMA_Control_Limits,60,True,28.0,False,0,117
FD004,EWMA_Control_Limits,72,True,26.0,False,0,207
FD004,EWMA_Control_Limits,73,True,31.0,False,0,80
FD004,EWMA_Control_Limits,76,False,0.0,False,0,51
FD004,EWMA_Control_Limits,79,True,25.0,False,0,117
FD004,EWMA_Control_Limits,80,True,44.0,False,0,204
FD004,EWMA_Control_Limits,81,True,28.0,False,0,86
FD004,EWMA_Control_Limits,86,True,60.0,False,0,131
FD004,EWMA_Control_Limits,88,True,48.0,False,0,287
FD004,EWMA_Control_Limits,92,False,0.0,False,0,90
FD004,EWMA_Control_Limits,96,True,36.0,False,0,169
FD004,EWMA_Control_Limits,104,True,25.0,False,0,102
FD004,EWMA_Control_Limits,106,True,28.0,False,0,165
FD004,EWMA_Control_Limits,113,True,5.0,False,0,83
FD004,EWMA_Control_Limits,123,True,48.0,False,0,125
FD004,EWMA_Control_Limits,126,True,36.0,False,0,201
FD004,EWMA_Control_Limits,128,True,82.0,False,0,147
FD004,EWMA_Control_Limits,132,True,38.0,False,0,153
FD004,EWMA_Control_Limits,133,True,71.0,False,0,388
FD004,EWMA_Control_Limits,135,False,0.0,False,0,48
FD004,EWMA_Control_Limits,137,True,8.0,False,0,124
FD004,EWMA_Control_Limits,144,True,61.0,False,0,196
FD004,EWMA_Control_Limits,149,True,65.0,False,0,160
FD004,EWMA_Control_Limits,151,True,44.0,False,0,250
FD004,EWMA_Control_Limits,153,False,0.0,False,0,67
FD004,EWMA_Control_Limits,155,True,43.0,False,0,194
FD004,EWMA_Control_Limits,168,True,13.0,False,0,95
FD004,EWMA_Control_Limits,175,True,16.0,False,0,55
FD004,EWMA_Control_Limits,184,False,0.0,True,41,278
FD004,EWMA_Control_Limits,199,False,0.0,False,0,75
FD004,EWMA_Control_Limits,202,True,39.0,False,0,140
FD004,EWMA_Control_Limits,210,True,18.0,False,0,66
FD004,EWMA_Control_Limits,217,True,4.0,False,0,99
FD004,EWMA_Control_Limits,218,True,4.0,False,0,135
FD004,EWMA_Control_Limits,220,True,26.0,False,0,101
FD004,EWMA_Control_Limits,226,True,30.0,False,0,93
FD004,EWMA_Control_Limits,232,False,0.0,False,0,172
FD004,EWMA_Control_Limits,238,True,16.0,False,0,86
FD004,EWMA_Control_Limits,239,True,62.0,False,0,264
FD004,EWMA_Control_Limits,241,True,8.0,False,0,231
FD004,EWMA_Control_Limits,2,True,14.0,False,0,198
FD004,EWMA_Control_Limits,4,True,64.0,False,0,173
FD004,EWMA_Control_Limits,10,True,45.0,False,0,253
FD004,EWMA_Control_Limits,12,True,35.0,False,0,171
FD004,EWMA_Control_Limits,14,True,44.0,False,0,152
FD004,EWMA_Control_Limits,23,False,0.0,False,0,179
FD004,EWMA_Control_Limits,26,True,29.0,False,0,196
FD004,EWMA_Control_Limits,35,True,51.0,False,0,120
FD004,EWMA_Control_Limits,38,True,12.0,False,0,76
FD004,EWMA_Control_Limits,44,True,20.0,False,0,102
FD004,EWMA_Control_Limits,53,True,37.0,False,0,203
FD004,EWMA_Control_Limits,58,True,39.0,False,0,180
FD004,EWMA_Control_Limits,61,True,28.0,False,0,143
FD004,EWMA_Control_Limits,70,True,10.0,False,0,84
FD004,EWMA_Control_Limits,75,True,67.0,False,0,129
FD004,EWMA_Control_Limits,77,True,8.0,False,0,47
FD004,EWMA_Control_Limits,82,True,47.0,False,0,96
FD004,EWMA_Control_Limits,83,True,3.0,False,0,83
FD004,EWMA_Control_Limits,90,True,29.0,False,0,111
FD004,EWMA_Control_Limits,98,True,36.0,False,0,144
FD004,EWMA_Control_Limits,99,True,19.0,False,0,66
FD004,EWMA_Control_Limits,109,True,54.0,False,0,224
FD004,EWMA_Control_Limits,112,True,37.0,False,0,239
FD004,EWMA_Control_Limits,116,True,42.0,False,0,243
FD004,EWMA_Control_Limits,121,True,30.0,False,0,93
FD004,EWMA_Control_Limits,124,False,0.0,False,0,69
FD004,EWMA_Control_Limits,127,True,39.0,False,0,134
FD004,EWMA_Control_Limits,131,True,49.0,False,0,269
FD004,EWMA_Control_Limits,152,True,46.0,False,0,161
FD004,EWMA_Control_Limits,158,True,88.0,False,0,298
FD004,EWMA_Control_Limits,162,True,35.0,False,0,212
FD004,EWMA_Control_Limits,169,True,28.0,False,0,126
FD004,EWMA_Control_Limits,170,True,6.0,False,0,60
FD004,EWMA_Control_Limits,173,True,70.0,False,0,356
FD004,EWMA_Control_Limits,176,True,22.0,False,0,79
FD004,EWMA_Control_Limits,183,True,41.0,False,0,89
FD004,EWMA_Control_Limits,185,False,0.0,True,8,158
FD004,EWMA_Control_Limits,191,True,73.0,False,0,196
FD004,EWMA_Control_Limits,197,True,13.0,False,0,69
FD004,EWMA_Control_Limits,200,True,28.0,False,0,124
FD004,EWMA_Control_Limits,206,True,38.0,False,0,162
FD004,EWMA_Control_Limits,207,True,87.0,False,0,278
FD004,EWMA_Control_Limits,214,True,14.0,False,0,27
FD004,EWMA_Control_Limits,219,True,44.0,False,0,89
FD004,EWMA_Control_Limits,223,False,0.0,False,0,146
FD004,EWMA_Control_Limits,234,True,18.0,False,0,106
FD004,EWMA_Control_Limits,235,True,43.0,False,0,98
FD004,EWMA_Control_Limits,240,False,0.0,False,0,48
FD004,EWMA_Control_Limits,245,True,8.0,False,0,104
FD004,EWMA_Control_Limits,246,True,12.0,False,0,60
FD004,EWMA_Control_Limits,7,False,0.0,False,0,120
FD004,EWMA_Control_Limits,8,True,34.0,False,0,129
FD004,EWMA_Control_Limits,11,False,0.0,False,0,200
FD004,EWMA_Control_Limits,19,True,5.0,False,0,109
FD004,EWMA_Control_Limits,28,True,1.0,False,0,101
FD004,EWMA_Control_Limits,34,True,57.0,False,0,175
FD004,EWMA_Control_Limits,45,True,37.0,False,0,76
FD004,EWMA_Control_Limits,47,True,43.0,False,0,274
FD004,EWMA_Control_Limits,49,True,85.0,False,0,345
FD004,EWMA_Control_Limits,52,True,63.0,False,0,256
FD004,EWMA_Control_Limits,57,True,31.0,False,0,92
FD004,EWMA_Control_Limits,64,True,33.0,False,0,83
FD004,EWMA_Control_Limits,67,True,1.0,False,0,66
FD004,EWMA_Control_Limits,69,True,26.0,False,0,125
FD004,EWMA_Control_Limits,71,False,0.0,True,83,211
FD004,EWMA_Control_Limits,78,True,51.0,False,0,149
FD004,EWMA_Control_Limits,89,True,27.0,False,0,67
FD004,EWMA_Control_Limits,100,True,46.0,False,0,160
FD004,EWMA_Control_Limits,103,False,0.0,False,0,123
FD004,EWMA_Control_Limits,108,True,59.0,False,0,203
FD004,EWMA_Control_Limits,110,True,24.0,False,0,85
FD004,EWMA_Control_Limits,111,True,51.0,False,0,196
FD004,EWMA_Control_Limits,114,True,31.0,False,0,60
FD004,EWMA_Control_Limits,115,True,29.0,False,0,30
FD004,EWMA_Control_Limits,117,True,61.0,False,0,241
FD004,EWMA_Control_Limits,122,True,17.0,False,0,73
FD004,EWMA_Control_Limits,125,True,69.0,False,0,138
FD004,EWMA_Control_Limits,136,True,20.0,False,0,104
FD004,EWMA_Control_Limits,138,True,3.0,False,0,77
FD004,EWMA_Control_Limits,150,True,1.0,False,0,48
FD004,EWMA_Control_Limits,160,True,10.0,False,0,86
FD004,EWMA_Control_Limits,166,True,65.0,False,0,168
FD004,EWMA_Control_Limits,171,False,0.0,True,6,298
FD004,EWMA_Control_Limits,180,True,64.0,False,0,243
FD004,EWMA_Control_Limits,188,True,26.0,False,0,153
FD004,EWMA_Control_Limits,190,True,56.0,False,0,280
FD004,EWMA_Control_Limits,193,True,40.0,False,0,96
FD004,EWMA_Control_Limits,203,False,0.0,True,1,223
FD004,EWMA_Control_Limits,205,True,29.0,False,0,141
FD004,EWMA_Control_Limits,208,True,35.0,False,0,189
FD004,EWMA_Control_Limits,209,True,25.0,False,0,60
FD004,EWMA_Control_Limits,211,True,28.0,False,0,45
FD004,EWMA_Control_Limits,213,True,21.0,False,0,96
FD004,EWMA_Control_Limits,216,True,45.0,False,0,143
FD004,EWMA_Control_Limits,227,True,44.0,False,0,186
FD004,EWMA_Control_Limits,228,True,50.0,False,0,178
FD004,EWMA_Control_Limits,231,True,6.0,False,0,93
FD004,EWMA_Control_Limits,244,True,45.0,False,0,166
FD004,EWMA_Control_Limits,247,False,0.0,True,110,110
FD004,EWMA_Control_Limits,249,True,36.0,False,0,154
FD004,EWMA_Control_Limits,1,True,42.0,False,0,220
FD004,EWMA_Control_Limits,9,True,40.0,False,0,233
FD004,EWMA_Control_Limits,15,True,61.0,False,0,123
FD004,EWMA_Control_Limits,20,True,51.0,False,0,144
FD004,EWMA_Control_Limits,21,True,44.0,False,0,126
FD004,EWMA_Control_Limits,22,True,26.0,False,0,110
FD004,EWMA_Control_Limits,25,True,7.0,False,0,49
FD004,EWMA_Control_Limits,32,True,50.0,False,0,118
FD004,EWMA_Control_Limits,33,True,32.0,False,0,100
FD004,EWMA_Control_Limits,42,True,45.0,False,0,179
FD004,EWMA_Control_Limits,56,True,18.0,False,0,246
FD004,EWMA_Control_Limits,62,True,90.0,False,0,196
FD004,EWMA_Control_Limits,66,True,19.0,False,0,74
FD004,EWMA_Control_Limits,68,True,40.0,False,0,62
FD004,EWMA_Control_Limits,84,True,0.0,False,0,58
FD004,EWMA_Control_Limits,87,True,52.0,False,0,158
FD004,EWMA_Control_Limits,91,True,63.0,False,0,253
FD004,EWMA_Control_Limits,93,True,51.0,False,0,95
FD004,EWMA_Control_Limits,94,True,46.0,False,0,148
FD004,EWMA_Control_Limits,95,True,35.0,False,0,138
FD004,EWMA_Control_Limits,97,True,62.0,False,0,161
FD004,EWMA_Control_Limits,102,False,0.0,False,0,93
FD004,EWMA_Control_Limits,105,False,0.0,False,0,69
FD004,EWMA_Control_Limits,107,False,0.0,False,0,82
FD004,EWMA_Control_Limits,129,False,0.0,False,0,89
FD004,EWMA_Control_Limits,130,True,20.0,False,0,65
FD004,EWMA_Control_Limits,139,True,34.0,False,0,150
FD004,EWMA_Control_Limits,143,False,0.0,False,0,83
FD004,EWMA_Control_Limits,154,True,19.0,False,0,102
FD004,EWMA_Control_Limits,157,False,0.0,True,197,197
FD004,EWMA_Control_Limits,161,True,43.0,False,0,202
FD004,EWMA_Control_Limits,163,False,0.0,True,16,184
FD004,EWMA_Control_Limits,164,True,46.0,False,0,279
FD004,EWMA_Control_Limits,167,True,43.0,False,0,162
FD004,EWMA_Control_Limits,172,True,79.0,False,0,172
FD004,EWMA_Control_Limits,174,True,46.0,False,0,269
FD004,EWMA_Control_Limits,177,True,56.0,False,0,141
FD004,EWMA_Control_Limits,178,True,20.0,False,0,69
FD004,EWMA_Control_Limits,179,False,0.0,True,156,334
FD004,EWMA_Control_Limits,181,False,0.0,False,0,33
FD004,EWMA_Control_Limits,192,True,24.0,False,0,89
FD004,EWMA_Control_Limits,194,False,0.0,False,0,44
FD004,EWMA_Control_Limits,212,True,34.0,False,0,128
FD004,EWMA_Control_Limits,221,True,54.0,False,0,173
FD004,EWMA_Control_Limits,222,False,0.0,False,0,101
FD004,EWMA_Control_Limits,225,True,44.0,False,0,317
FD004,EWMA_Control_Limits,233,True,60.0,False,0,188
FD004,EWMA_Control_Limits,237,True,34.0,False,0,111
FD004,EWMA_Control_Limits,243,True,37.0,False,0,226
FD004,EWMA_Control_Limits,248,True,1.0,False,0,83
