Subset,Threshold_N,Split,Engines,Total_Cycles,Healthy_Cycles,Degraded_Cycles,Degraded_Pct,Healthy_to_Degraded_Ratio
FD001,20,Train,100,20631,18531,2100,10.18,8.82
FD001,20,Test,100,13096,12973,123,0.94,105.47
FD001,30,Train,100,20631,17531,3100,15.03,5.66
FD001,30,Test,100,13096,12764,332,2.54,38.45
FD001,50,Train,100,20631,15531,5100,24.72,3.05
FD001,50,Test,100,13096,12210,886,6.77,13.78
FD002,20,Train,260,53759,48299,5460,10.16,8.85
FD002,20,Test,259,33991,33487,504,1.48,66.44
FD002,30,Train,260,53759,45699,8060,14.99,5.67
FD002,30,Test,259,33991,32904,1087,3.2,30.27
FD002,50,Train,260,53759,40499,13260,24.67,3.05
FD002,50,Test,259,33991,31405,2586,7.61,12.14
FD003,20,Train,100,24720,22620,2100,8.5,10.77
FD003,20,Test,100,16596,16474,122,0.74,135.03
FD003,30,Train,100,24720,21620,3100,12.54,6.97
FD003,30,Test,100,16596,16305,291,1.75,56.03
FD003,50,Train,100,24720,19620,5100,20.63,3.85
FD003,50,Test,100,16596,15817,779,4.69,20.3
FD004,20,Train,249,61249,56020,5229,8.54,10.71
FD004,20,Test,248,41214,40840,374,0.91,109.2
FD004,30,Train,249,61249,53530,7719,12.6,6.93
FD004,30,Test,248,41214,40350,864,2.1,46.7
FD004,50,Train,249,61249,48550,12699,20.73,3.82
FD004,50,Test,248,41214,38964,2250,5.46,17.32
