Subset,Model,Seed,PR_AUC,ROC_AUC,Prevalence,Precision,Recall,F1,FDR,Threshold_MaxF1,Detection_Rate_Pct,Mean_Lead_Time,Median_Lead_Time,Premature_Alarm_Share_Pct,False_Alarms_Per_100_Healthy,Threshold_MatchedFAR,Detection_Rate_MatchedFAR,Mean_Lead_Time_MatchedFAR,Median_Lead_Time_MatchedFAR,Premature_Share_MatchedFAR,FA_Per_100_MatchedFAR
FD001,IsolationForest,0,0.3945024179180453,0.8374000410088169,0.17483503468501493,0.24226320725226633,1.0,0.39003522898842474,0.7577367927477336,0.98,76.0,63.8421052631579,61.0,24.0,6.812524564391458,0.98,76.0,63.8421052631579,61.0,24.0,6.812524564391458
FD001,RandomForest,0,0.9774663477754135,0.9951274911202683,0.17483503468501493,0.8641868512110726,0.9667741935483871,0.9126065773447016,0.13581314878892736,0.61,100.0,29.05,28.0,0.0,0.0,0.8300000000000001,100.0,21.79,21.0,0.0,0.0
FD001,XGBoost,0,0.9823872593026176,0.996064619753462,0.17483503468501493,0.9015591562213391,0.9512903225806452,0.9257573379375295,0.09844084377866091,0.67,100.0,28.21,28.0,0.0,0.0,0.93,100.0,23.79,24.0,0.0,0.0
FD001,LSTM,0,0.9712657133210373,0.9939761134665458,0.17483503468501493,0.8230475150191152,0.9722580645161291,0.8914522330671399,0.17695248498088478,0.81,100.0,29.51,28.0,0.0,0.0,0.9700000000000001,100.0,21.27,21.5,0.0,0.0
FD001,IsolationForest,1,0.4066640430276794,0.8454309343175449,0.17483503468501493,0.25316455696202533,1.0,0.40404040404040403,0.7468354430379747,0.98,83.0,63.903614457831324,62.0,17.0,5.463120660290842,0.98,83.0,63.903614457831324,62.0,17.0,5.463120660290842
FD001,RandomForest,1,0.9785942487679862,0.995379232341405,0.17483503468501493,0.8668015024559376,0.967741935483871,0.9144947416552355,0.13319849754406243,0.67,100.0,28.03,27.0,0.0,0.0,0.8400000000000001,100.0,22.54,22.0,0.0,0.0
FD001,XGBoost,1,0.9817240730126707,0.9959066035219077,0.17483503468501493,0.890892696122633,0.9561290322580646,0.9223587988174887,0.109107303877367,0.6900000000000001,100.0,28.58,27.5,0.0,0.0,0.9600000000000001,100.0,22.84,22.0,0.0,0.0
FD001,LSTM,1,0.9769995613645572,0.9946887959943647,0.17483503468501493,0.8270821842250413,0.9674193548387097,0.8917633065715135,0.17291781577495868,0.8200000000000001,100.0,28.91,27.5,0.0,0.0,0.9700000000000001,100.0,23.12,23.0,0.0,0.0
FD001,IsolationForest,2,0.40789473684210525,0.846216936641378,0.17483503468501493,0.2547456652148903,1.0,0.4060514768485166,0.7452543347851097,0.98,83.0,64.36144578313252,61.0,17.0,5.79064587973274,0.98,83.0,64.36144578313252,61.0,17.0,5.79064587973274
FD001,RandomForest,2,0.9773101908828551,0.9950717985011939,0.17483503468501493,0.8619006603502728,0.9683870967741935,0.9120461795533951,0.1380993396497272,0.61,100.0,29.25,28.0,0.0,0.0,0.8400000000000001,100.0,22.24,21.0,0.0,0.0
FD001,XGBoost,2,0.9827269195189113,0.9961205438739221,0.17483503468501493,0.8939439590238023,0.9570967741935484,0.9244430596666148,0.1060560409761977,0.68,100.0,28.52,28.0,0.0,0.0,0.9500000000000001,100.0,23.17,23.0,0.0,0.0
FD001,LSTM,2,0.9771237471317251,0.9949780073683583,0.17483503468501493,0.8270388615216201,0.9748387096774194,0.8948771098608232,0.1729611384783799,0.88,100.0,27.96,27.0,0.0,0.0,0.98,100.0,22.68,22.0,0.0,0.0
FD001,IsolationForest,3,0.38998616178135614,0.8342902057275647,0.17483503468501493,0.24173424828446663,1.0,0.38934940969605625,0.7582657517155333,0.98,78.0,64.87179487179488,62.0,22.0,7.310362897943142,0.98,78.0,64.87179487179488,62.0,22.0,7.310362897943142
FD001,RandomForest,3,0.9782660876950412,0.9953520474643984,0.17483503468501493,0.8647092688543466,0.9690322580645161,0.9139032552479465,0.13529073114565338,0.5900000000000001,100.0,29.71,28.0,0.0,0.0,0.8300000000000001,100.0,22.55,22.0,0.0,0.0
FD001,XGBoost,3,0.9829144320879312,0.9961828949138043,0.17483503468501493,0.8972499244484738,0.957741935483871,0.9265095958807926,0.10275007555152615,0.5800000000000001,100.0,29.66,28.0,0.0,0.0,0.9400000000000001,100.0,23.65,24.0,0.0,0.0
FD001,LSTM,3,0.9765450075417633,0.9946917503930011,0.17483503468501493,0.8253968253968254,0.9729032258064516,0.8931003849570625,0.17460317460317465,0.8,100.0,30.0,28.0,0.0,0.0,0.9700000000000001,100.0,23.09,22.0,0.0,0.0
FD001,IsolationForest,4,0.39733401691873876,0.8393137857972797,0.17483503468501493,0.23860837438423646,1.0,0.38528461347253296,0.7613916256157636,0.98,82.0,66.20731707317073,63.0,18.0,6.642211450281672,0.98,82.0,66.20731707317073,63.0,18.0,6.642211450281672
FD001,RandomForest,4,0.9775908329822655,0.9951958611961786,0.17483503468501493,0.8624460431654676,0.9667741935483871,0.9116349809885932,0.13755395683453242,0.64,100.0,28.67,27.5,0.0,0.0,0.8500000000000001,100.0,21.68,20.0,0.0,0.0
FD001,XGBoost,4,0.981458213683252,0.9958069146156746,0.17483503468501493,0.8887548990051252,0.9509677419354838,0.918809412498052,0.11124510099487483,0.6900000000000001,100.0,28.36,28.0,0.0,0.0,0.9500000000000001,100.0,23.13,23.0,0.0,0.0
FD001,LSTM,4,0.9760448319107852,0.9947874707040508,0.17483503468501493,0.8075801749271136,0.9829032258064516,0.8866579368543577,0.19241982507288635,0.8300000000000001,100.0,29.82,28.5,0.0,0.0,0.9700000000000001,100.0,22.65,22.0,0.0,0.0
FD002,IsolationForest,0,0.4677362772019328,0.8795691294821844,0.17438715679698824,0.28656758870795707,1.0,0.4454761509976234,0.7134324112920429,0.98,86.92307692307692,55.442477876106196,52.0,13.076923076923078,6.782887486223825,0.98,86.92307692307692,55.442477876106196,52.0,13.076923076923078,6.782887486223825
FD002,RandomForest,0,0.964499271979332,0.9919002291378826,0.17438715679698824,0.809158701817036,0.9558312655086849,0.8764006598031966,0.19084129818296403,0.66,100.0,28.74230769230769,27.0,0.0,0.0,0.89,100.0,19.426923076923078,18.0,0.0,0.0
FD002,XGBoost,0,0.9733520855793836,0.9938913363484914,0.17438715679698824,0.8550173397471753,0.9482630272952853,0.8992293664333196,0.1449826602528247,0.61,100.0,30.153846153846153,29.5,0.0,0.0,0.9500000000000001,100.0,22.046153846153846,21.0,0.0,0.0
FD002,LSTM,0,0.966724843728608,0.9923621074338488,0.17438715679698824,0.7906126181042366,0.9655086848635236,0.8693515053343015,0.20938738189576345,0.8,100.0,29.96153846153846,28.0,0.0,0.0,0.9700000000000001,100.0,21.138461538461538,20.0,0.0,0.0
FD002,IsolationForest,1,0.4642239294518409,0.8778432504922429,0.17438715679698824,0.28580546789120953,1.0,0.44455475579824055,0.7141945321087905,0.98,86.53846153846155,55.675555555555555,53.0,13.461538461538462,7.449153391443743,0.98,86.53846153846155,55.675555555555555,53.0,13.461538461538462,7.449153391443743
FD002,RandomForest,1,0.9644341798892524,0.9918182683049384,0.17438715679698824,0.8062728698379509,0.9568238213399504,0.8751205673758865,0.19372713016204912,0.68,100.0,28.31153846153846,27.0,0.0,0.0,0.89,100.0,19.465384615384615,18.0,0.0,0.0
FD002,XGBoost,1,0.9740238093860665,0.9940441464170064,0.17438715679698824,0.8557670772676372,0.9481389578163771,0.8995879929370217,0.14423292273236277,0.7200000000000001,100.0,28.453846153846154,27.0,0.0,0.0,0.9500000000000001,100.0,21.834615384615386,21.0,0.0,0.0
FD002,LSTM,1,0.9662046924731125,0.9925545437183075,0.17438715679698824,0.7954916360669114,0.9676178660049628,0.8731527093596059,0.20450836393308858,0.8200000000000001,100.0,29.692307692307693,27.5,0.0,0.0,0.9700000000000001,100.0,21.869230769230768,21.0,0.0,0.0
FD002,IsolationForest,2,0.4431925267870041,0.867172779470411,0.17438715679698824,0.284845914616907,1.0,0.4433931125536363,0.715154085383093,0.98,86.15384615384616,58.513392857142854,57.0,13.846153846153847,7.474200981865545,0.98,86.15384615384616,58.513392857142854,57.0,13.846153846153847,7.474200981865545
FD002,RandomForest,2,0.9649322940777346,0.9918585740596825,0.17438715679698824,0.8072402938090242,0.9544665012406948,0.8747015349630471,0.19275970619097582,0.7000000000000001,100.0,27.476923076923075,26.0,0.0,0.0,0.88,100.0,20.084615384615386,19.0,0.0,0.0
FD002,XGBoost,2,0.9731193590090514,0.9937530794650073,0.17438715679698824,0.8555056179775281,0.9446650124069479,0.897877358490566,0.1444943820224719,0.7200000000000001,100.0,28.603846153846153,27.0,0.0,0.0,0.9500000000000001,100.0,22.00769230769231,21.0,0.0,0.0
FD002,LSTM,2,0.963582639506592,0.9925406034187498,0.17438715679698824,0.8053712152633762,0.9636476426799008,0.8774288296430185,0.19462878473662382,0.86,100.0,28.615384615384617,27.0,0.0,0.0,0.98,100.0,20.653846153846153,19.5,0.0,0.0
FD002,IsolationForest,3,0.45850772869812867,0.8750934886071906,0.17438715679698824,0.286526839672947,1.0,0.4454269135120199,0.713473160327053,0.98,86.53846153846155,56.675555555555555,53.0,13.461538461538462,7.74972447650536,0.98,86.53846153846155,56.675555555555555,53.0,13.461538461538462,7.74972447650536
FD002,RandomForest,3,0.9644389314914159,0.9919214427785737,0.17438715679698824,0.8115485564304462,0.9590570719602978,0.8791583736138755,0.1884514435695538,0.66,100.0,28.607692307692307,27.0,0.0,0.0,0.89,100.0,19.392307692307693,18.0,0.0,0.0
FD002,XGBoost,3,0.9729026916164203,0.9937315601944249,0.17438715679698824,0.8530498041410185,0.9456575682382135,0.896969696969697,0.1469501958589815,0.68,100.0,29.46923076923077,28.0,0.0,0.0,0.9500000000000001,100.0,21.93076923076923,21.0,0.0,0.0
FD002,LSTM,3,0.9641067385556152,0.992114664271742,0.17438715679698824,0.7690944881889764,0.9694789081885856,0.8577387486278815,0.2309055118110236,0.89,100.0,27.926923076923078,26.0,0.0,0.0,0.9700000000000001,100.0,21.684615384615384,21.0,0.0,0.0
FD002,IsolationForest,4,0.4664928094448086,0.8789612056175815,0.17438715679698824,0.2849768412120355,1.0,0.4435517155986022,0.7150231587879645,0.98,88.46153846153845,56.03913043478261,52.5,11.538461538461538,5.775974351267408,0.98,88.46153846153845,56.03913043478261,52.5,11.538461538461538,5.775974351267408
FD002,RandomForest,4,0.964514305179989,0.9917695495997321,0.17438715679698824,0.805758397663259,0.9583126550868486,0.8754391930182478,0.19424160233674104,0.7000000000000001,100.0,27.51923076923077,26.0,0.0,0.0,0.88,100.0,20.088461538461537,18.5,0.0,0.0
FD002,XGBoost,4,0.9720557072169128,0.9935450024082985,0.17438715679698824,0.8516906595246067,0.9468982630272953,0.8967745725868045,0.14830934047539335,0.6900000000000001,100.0,29.31923076923077,28.0,0.0,0.0,0.9600000000000001,100.0,21.111538461538462,20.0,0.0,0.0
FD002,LSTM,4,0.9668709422784044,0.9929048524727767,0.17438715679698824,0.7999181669394435,0.9702233250620348,0.8768782238169993,0.2000818330605565,0.8200000000000001,100.0,30.192307692307693,29.0,0.0,0.0,0.9700000000000001,100.0,21.923076923076923,21.0,0.0,0.0
FD003,IsolationForest,0,0.47491493783960625,0.9084455300523849,0.14207149404216315,0.26956521739130435,1.0,0.4246575342465753,0.7304347826086957,0.98,87.0,55.37931034482759,52.0,13.0,12.815699658703073,0.98,87.0,55.37931034482759,52.0,13.0,12.815699658703073
FD003,RandomForest,0,0.9810579872224288,0.9967845154397574,0.14207149404216315,0.8602857142857143,0.9712903225806452,0.9124242424242425,0.13971428571428568,0.67,100.0,28.67,27.0,0.0,0.0,0.8400000000000001,100.0,23.28,23.0,0.0,0.0
FD003,XGBoost,0,0.9848772214570523,0.997409653294734,0.14207149404216315,0.8893528183716075,0.9619354838709677,0.9242212924221292,0.11064718162839249,0.66,100.0,29.11,28.0,0.0,0.0,0.9400000000000001,100.0,24.41,24.0,0.0,0.0
FD003,LSTM,0,0.9768715314802223,0.9961518127929417,0.14207149404216315,0.8327832783278328,0.9767741935483871,0.8990498812351544,0.16721672167216717,0.8,100.0,30.81,29.0,0.0,0.0,0.9700000000000001,100.0,23.11,22.5,0.0,0.0
FD003,IsolationForest,1,0.491358833685079,0.914288599393438,0.14207149404216315,0.27150113855316166,1.0,0.4270560683289709,0.7284988614468384,0.98,89.0,54.80898876404494,53.0,11.0,10.887372013651877,0.98,89.0,54.80898876404494,53.0,11.0,10.887372013651877
FD003,RandomForest,1,0.9763806103283876,0.9958804452715743,0.14207149404216315,0.8546712802768166,0.9561290322580646,0.902557856272838,0.1453287197231834,0.61,100.0,29.8,29.0,0.0,0.0,0.8300000000000001,100.0,22.9,22.0,0.0,0.0
FD003,XGBoost,1,0.983648883716267,0.9970756996140061,0.14207149404216315,0.8924992408138476,0.9480645161290323,0.9194431409353981,0.10750075918615243,0.75,100.0,27.7,27.0,0.0,0.0,0.93,100.0,24.45,24.0,0.0,0.0
FD003,LSTM,1,0.9782700772926347,0.9961683295423215,0.14207149404216315,0.8124163767728124,0.9793548387096774,0.8881088196577446,0.18758362322718758,0.89,100.0,28.93,28.0,0.0,0.0,0.9700000000000001,100.0,23.55,23.0,0.0,0.0
FD003,IsolationForest,2,0.4759622859065336,0.9088032809484422,0.14207149404216315,0.2683285726651086,1.0,0.4231215450760936,0.7316714273348914,0.98,81.0,51.27160493827161,49.0,19.0,15.119453924914675,0.98,81.0,51.27160493827161,49.0,19.0,15.119453924914675
FD003,RandomForest,2,0.9809512501162023,0.9967704714640198,0.14207149404216315,0.861753784632962,0.9732258064516129,0.9141039236479321,0.13824621536703796,0.63,100.0,29.32,29.0,0.0,0.0,0.8200000000000001,100.0,23.55,23.0,0.0,0.0
FD003,XGBoost,2,0.984812861237304,0.9973147573752413,0.14207149404216315,0.8906626506024097,0.9538709677419355,0.9211838006230529,0.10933734939759032,0.78,100.0,27.49,27.0,0.0,0.0,0.93,100.0,24.68,24.0,0.0,0.0
FD003,LSTM,2,0.9734323623302825,0.9958137923904052,0.14207149404216315,0.821061180292366,0.9783870967741936,0.8928466293788637,0.17893881970763403,0.8300000000000001,100.0,29.25,28.0,0.0,0.0,0.9600000000000001,100.0,23.56,23.0,0.0,0.0
FD003,IsolationForest,3,0.4551595058217333,0.9008807985249517,0.14207149404216315,0.25694156651471195,1.0,0.4088361358391032,0.7430584334852881,0.98,83.0,55.204819277108435,52.0,17.0,13.626279863481228,0.98,83.0,55.204819277108435,52.0,17.0,13.626279863481228
FD003,RandomForest,3,0.9805447291466719,0.9966896022883928,0.14207149404216315,0.8637406769936891,0.9712903225806452,0.9143638020042515,0.13625932300631094,0.64,100.0,29.13,28.0,0.0,0.0,0.8300000000000001,100.0,23.35,23.0,0.0,0.0
FD003,XGBoost,3,0.9856346795375324,0.9974951406120761,0.14207149404216315,0.8934450763244538,0.9629032258064516,0.9268747088961341,0.1065549236755462,0.8400000000000001,100.0,26.97,26.0,0.0,0.0,0.92,100.0,25.2,25.0,0.0,0.0
FD003,LSTM,3,0.9796242822302488,0.9965198425006894,0.14207149404216315,0.8310052040536839,0.9787096774193549,0.8988298029921493,0.16899479594631606,0.86,100.0,29.77,28.5,0.0,0.0,0.98,100.0,23.36,23.0,0.0,0.0
FD003,IsolationForest,4,0.46710996064746696,0.9055370743727599,0.14207149404216315,0.2599144797518236,1.0,0.41259067012710454,0.7400855202481764,0.98,82.0,54.97560975609756,53.5,18.0,13.558020477815699,0.98,82.0,54.97560975609756,53.5,18.0,13.558020477815699
FD003,RandomForest,4,0.9795581831209406,0.9965565722360077,0.14207149404216315,0.8579172610556348,0.97,0.9105223315669947,0.14208273894436518,0.65,100.0,29.08,28.0,0.0,0.0,0.8300000000000001,100.0,23.96,23.0,0.0,0.0
FD003,XGBoost,4,0.9849077230095176,0.9973731217259443,0.14207149404216315,0.8911605532170775,0.9561290322580646,0.9225023342670402,0.10883944678292246,0.64,100.0,29.31,28.0,0.0,0.0,0.9400000000000001,100.0,24.48,24.0,0.0,0.0
FD003,LSTM,4,0.9771573940235585,0.996152639922801,0.14207149404216315,0.8322810870161954,0.9780645161290322,0.8993029808690494,0.1677189129838046,0.81,100.0,30.48,28.0,0.0,0.0,0.9600000000000001,100.0,23.75,23.0,0.0,0.0
FD004,IsolationForest,0,0.4525050446784566,0.8985185947292424,0.14287036351521434,0.25829011209636943,1.0,0.41054143176257846,0.7417098879036306,0.98,88.35341365461848,56.79545454545455,56.0,11.646586345381527,8.458848377826254,0.98,88.35341365461848,56.79545454545455,56.0,11.646586345381527,8.458848377826254
FD004,RandomForest,0,0.9446333185320244,0.992219297403339,0.14287036351521434,0.7838036294975349,0.9680010364036792,0.8662184094597728,0.2161963705024651,0.7000000000000001,99.19678714859438,29.534412955465587,27.0,0.8032128514056224,0.6647969253142204,0.89,99.19678714859438,21.86234817813765,21.0,0.8032128514056224,0.6474845053841627
FD004,XGBoost,0,0.9537891118393167,0.9929067773169541,0.14287036351521434,0.8246541446406479,0.9498639720171007,0.8828416616496086,0.1753458553593521,0.76,99.19678714859438,29.28744939271255,27.0,0.8032128514056224,0.6647969253142204,0.9500000000000001,99.19678714859438,22.838056680161944,22.0,0.8032128514056224,0.6509469893701741
FD004,LSTM,0,0.9521396320698569,0.9929760509627547,0.14287036351521434,0.7848167539267016,0.9709806969814743,0.8680294168741676,0.21518324607329842,0.8400000000000001,99.19678714859438,30.77327935222672,29.0,0.8032128514056224,0.6717218932862435,0.98,99.19678714859438,21.68016194331984,20.0,0.8032128514056224,0.6267096014680933
FD004,IsolationForest,1,0.4759768615572555,0.9076408505406621,0.14287036351521434,0.26607149012443554,1.0,0.42031037299210455,0.7339285098755645,0.98,88.35341365461848,54.804545454545455,55.0,11.646586345381527,7.492815345729026,0.98,88.35341365461848,54.804545454545455,55.0,11.646586345381527,7.492815345729026
FD004,RandomForest,1,0.9460947367034651,0.9921840710026153,0.14287036351521434,0.7803401857455912,0.9687783391631041,0.8644087388741186,0.21965981425440884,0.65,99.19678714859438,31.17408906882591,29.0,0.8032128514056224,0.668259409300232,0.89,99.19678714859438,22.133603238866396,21.0,0.8032128514056224,0.6509469893701741
FD004,XGBoost,1,0.9550267900777679,0.9929093216634802,0.14287036351521434,0.8238521836506159,0.953102733514704,0.8837768034116164,0.17614781634938415,0.73,99.19678714859438,30.388663967611336,28.0,0.8032128514056224,0.6647969253142204,0.9600000000000001,98.79518072289156,22.04471544715447,21.0,0.8032128514056224,0.637097053426128
FD004,LSTM,1,0.955668882728418,0.9928022772704299,0.14287036351521434,0.7627033033639762,0.9781059722762016,0.8570779884209332,0.23729669663602382,0.87,99.19678714859438,30.62348178137652,28.0,0.8032128514056224,0.668259409300232,0.98,99.19678714859438,21.303643724696357,20.0,0.8032128514056224,0.61978463349607
FD004,IsolationForest,2,0.44936583652390133,0.8975837872683927,0.14287036351521434,0.2556552843374292,1.0,0.40720616163747625,0.7443447156625709,0.98,87.55020080321285,58.19266055045872,59.5,12.449799196787147,6.613344413282088,0.98,87.55020080321285,58.19266055045872,59.5,12.449799196787147,6.613344413282088
FD004,RandomForest,2,0.9458776076886095,0.9921445615952599,0.14287036351521434,0.7855787476280834,0.9654100272055965,0.866259808195292,0.21442125237191656,0.64,99.19678714859438,31.218623481781375,29.0,0.8032128514056224,0.668259409300232,0.89,99.19678714859438,22.170040485829958,21.0,0.8032128514056224,0.6405595374121394
FD004,XGBoost,2,0.9560012790911943,0.9929836098679923,0.14287036351521434,0.8232192933258553,0.9507708252364296,0.8824095226644223,0.1767807066741447,0.79,99.19678714859438,29.05668016194332,27.0,0.8032128514056224,0.6544094733561857,0.9500000000000001,99.19678714859438,22.94331983805668,22.0,0.8032128514056224,0.637097053426128
FD004,LSTM,2,0.9568289480457851,0.9929943957151962,0.14287036351521434,0.7815432742440042,0.9709806969814743,0.8660234560055462,0.21845672575599584,0.8400000000000001,99.19678714859438,31.08502024291498,29.0,0.8032128514056224,0.6717218932862435,0.9700000000000001,99.19678714859438,22.271255060728745,21.0,0.8032128514056224,0.6474845053841627
FD004,IsolationForest,3,0.44686345297390856,0.8964467679023405,0.14287036351521434,0.25421551837702544,1.0,0.4053777275949899,0.7457844816229746,0.98,85.94377510040161,56.11214953271028,56.0,14.056224899598394,8.507323153630415,0.98,85.94377510040161,56.11214953271028,56.0,14.056224899598394,8.507323153630415
FD004,RandomForest,3,0.9479498989037849,0.9924019084685898,0.14287036351521434,0.7817402217109392,0.9683896877833916,0.8651119726867658,0.21825977828906085,0.67,99.19678714859438,30.31578947368421,28.0,0.8032128514056224,0.668259409300232,0.89,99.19678714859438,22.08097165991903,21.0,0.8032128514056224,0.644022021398151
FD004,XGBoost,3,0.9546004945104603,0.992865614573923,0.14287036351521434,0.8219086021505376,0.9506412747765255,0.8816002883402415,0.17809139784946237,0.76,99.19678714859438,29.57085020242915,27.0,0.8032128514056224,0.6509469893701741,0.9600000000000001,98.79518072289156,21.760162601626018,20.0,0.8032128514056224,0.6336345694401163
FD004,LSTM,3,0.958091917589704,0.9929252199826761,0.14287036351521434,0.7754276827371696,0.9689078896230081,0.8614374568071873,0.22457231726283045,0.9,99.19678714859438,29.54251012145749,28.0,0.8032128514056224,0.6509469893701741,0.9700000000000001,99.19678714859438,23.489878542510123,22.0,0.8032128514056224,0.6267096014680933
FD004,IsolationForest,4,0.4725942140942927,0.9064067347708362,0.14287036351521434,0.2608916078007233,1.0,0.4138208331099555,0.7391083921992767,0.98,88.35341365461848,55.336363636363636,57.0,11.646586345381527,7.468577957826946,0.98,88.35341365461848,55.336363636363636,57.0,11.646586345381527,7.468577957826946
FD004,RandomForest,4,0.9491115614686576,0.9923172190761893,0.14287036351521434,0.7834889331794818,0.9676123850239668,0.8658706236958034,0.21651106682051824,0.7200000000000001,99.19678714859438,28.85425101214575,27.0,0.8032128514056224,0.6647969253142204,0.89,99.19678714859438,22.089068825910932,21.0,0.8032128514056224,0.644022021398151
FD004,XGBoost,4,0.9552058695020021,0.9929151503011795,0.14287036351521434,0.8236877523553163,0.9514185775359503,0.8829576194770064,0.17631224764468367,0.75,99.19678714859438,29.736842105263158,27.0,0.8032128514056224,0.6647969253142204,0.9500000000000001,99.19678714859438,22.88259109311741,21.0,0.8032128514056224,0.6405595374121394
FD004,LSTM,4,0.9531575428486214,0.9923678276532454,0.14287036351521434,0.7699332991277579,0.9720171006607073,0.8592533211177279,0.23006670087224212,0.8500000000000001,99.19678714859438,30.02834008097166,28.0,0.8032128514056224,0.6647969253142204,0.9600000000000001,99.19678714859438,21.655870445344128,20.0,0.8032128514056224,0.644022021398151
