Subset,N_Cutoff,Prevalence_Pct,F1,PR_AUC,ROC_AUC,Detection_Rate_Pct,Mean_Lead_Time,Median_Lead_Time,Premature_Alarm_Pct,FA_Per_100_Healthy
FD001,20,11.8,0.92,0.982,0.997,100.0,17.8,17.0,0.0,0.0
FD001,30,17.5,0.924,0.982,0.996,100.0,28.6,28.0,0.0,0.0
FD001,50,28.8,0.924,0.981,0.991,100.0,48.8,47.0,0.0,0.0
FD001,75,42.9,0.915,0.977,0.98,90.0,72.8,71.5,10.0,2.38
FD001,100,57.0,0.895,0.97,0.954,45.0,86.9,90.0,55.0,25.57
FD002,20,11.8,0.899,0.97,0.996,100.0,18.8,18.0,0.0,0.0
FD002,30,17.4,0.905,0.974,0.994,100.0,28.4,27.0,0.0,0.0
FD002,50,28.7,0.898,0.969,0.985,99.2,49.4,46.5,0.8,0.03
FD002,75,42.8,0.884,0.961,0.965,83.8,70.2,71.0,16.2,4.97
FD002,100,56.8,0.872,0.957,0.935,46.5,80.9,82.0,53.5,25.67
FD003,20,9.6,0.925,0.982,0.998,100.0,18.5,18.0,0.0,0.0
FD003,30,14.2,0.931,0.986,0.998,100.0,27.1,27.0,0.0,0.0
FD003,50,23.4,0.925,0.983,0.994,100.0,48.6,48.0,0.0,0.0
FD003,75,34.8,0.907,0.974,0.983,89.0,71.5,69.0,11.0,1.2
FD003,100,46.3,0.888,0.968,0.968,48.0,82.9,83.5,52.0,13.56
FD004,20,9.7,0.882,0.944,0.994,99.2,19.0,17.0,0.8,0.63
FD004,30,14.3,0.89,0.955,0.993,99.2,30.3,28.0,0.8,0.66
FD004,50,23.5,0.9,0.958,0.987,97.6,50.2,48.0,2.4,0.87
FD004,75,35.0,0.892,0.956,0.975,85.9,70.4,71.0,14.1,4.29
FD004,100,46.5,0.877,0.954,0.956,46.2,81.6,83.0,53.8,15.86
