Subset,Method,LeadTime_at_FA_0.1,LeadTime_at_FA_0.5,LeadTime_at_FA_1.0
FD001,Static_Threshold,46.1,48.4,49.5
FD001,EWMA_Control_Limits,47.1,48.8,49.7
FD001,Mahalanobis_HI,48.9,49.5,50.3
FD001,IsolationForest,N/A,N/A,N/A
FD001,RandomForest,52.5,55.0,56.5
FD001,XGBoost,43.6,43.6,43.6
FD001,LSTM,43.4,44.6,45.9
FD002,Static_Threshold,40.1,43.2,48.8
FD002,EWMA_Control_Limits,43.2,45.8,51.2
FD002,Mahalanobis_HI,24.9,26.0,27.3
FD002,IsolationForest,N/A,N/A,N/A
FD002,RandomForest,47.9,50.8,53.0
FD002,XGBoost,47.0,50.4,53.1
FD002,LSTM,37.6,50.7,53.6
FD003,Static_Threshold,34.1,44.0,44.4
FD003,EWMA_Control_Limits,33.4,45.3,50.7
FD003,Mahalanobis_HI,35.3,43.6,47.1
FD003,IsolationForest,N/A,N/A,N/A
FD003,RandomForest,18.9,27.4,37.9
FD003,XGBoost,40.5,40.5,40.5
FD003,LSTM,28.3,40.9,50.9
FD004,Static_Threshold,N/A,20.5,32.5
FD004,EWMA_Control_Limits,N/A,N/A,31.7
FD004,Mahalanobis_HI,8.8,13.7,39.6
FD004,IsolationForest,N/A,N/A,N/A
FD004,RandomForest,N/A,18.6,49.4
FD004,XGBoost,N/A,15.8,50.6
FD004,LSTM,N/A,21.2,48.9
