Metric_Category,Subset,Model,Metric_Name,Value,Source_File,Source_Column
Anomaly_Detection_OOF,FD001,EWMA_Control_Limits,PR_AUC,N/A (discrete),results/anomaly_metrics_summary.csv,PR_AUC
Anomaly_Detection_OOF,FD001,EWMA_Control_Limits,F1_Score,0.786 (tuned),results/anomaly_metrics_summary.csv,F1
Anomaly_Detection_OOF,FD001,EWMA_Control_Limits,Mean_Lead_Time,38.6,results/anomaly_metrics_summary.csv,Mean_Lead_Time
Anomaly_Detection_OOF,FD001,IsolationForest,PR_AUC,0.395 +/- nan,results/anomaly_metrics_summary.csv,PR_AUC
Anomaly_Detection_OOF,FD001,IsolationForest,F1_Score,0.390 +/- nan,results/anomaly_metrics_summary.csv,F1
Anomaly_Detection_OOF,FD001,IsolationForest,Mean_Lead_Time,63.8 +/- nan,results/anomaly_metrics_summary.csv,Mean_Lead_Time
Anomaly_Detection_OOF,FD001,LSTM,PR_AUC,0.971 +/- nan,results/anomaly_metrics_summary.csv,PR_AUC
Anomaly_Detection_OOF,FD001,LSTM,F1_Score,0.891 +/- nan,results/anomaly_metrics_summary.csv,F1
Anomaly_Detection_OOF,FD001,LSTM,Mean_Lead_Time,29.5 +/- nan,results/anomaly_metrics_summary.csv,Mean_Lead_Time
Anomaly_Detection_OOF,FD001,RandomForest,PR_AUC,0.977 +/- nan,results/anomaly_metrics_summary.csv,PR_AUC
Anomaly_Detection_OOF,FD001,RandomForest,F1_Score,0.913 +/- nan,results/anomaly_metrics_summary.csv,F1
Anomaly_Detection_OOF,FD001,RandomForest,Mean_Lead_Time,29.1 +/- nan,results/anomaly_metrics_summary.csv,Mean_Lead_Time
Anomaly_Detection_OOF,FD001,Static_Threshold,PR_AUC,N/A (discrete),results/anomaly_metrics_summary.csv,PR_AUC
Anomaly_Detection_OOF,FD001,Static_Threshold,F1_Score,0.841 (tuned),results/anomaly_metrics_summary.csv,F1
Anomaly_Detection_OOF,FD001,Static_Threshold,Mean_Lead_Time,26.8,results/anomaly_metrics_summary.csv,Mean_Lead_Time
Anomaly_Detection_OOF,FD001,XGBoost,PR_AUC,0.982 +/- nan,results/anomaly_metrics_summary.csv,PR_AUC
Anomaly_Detection_OOF,FD001,XGBoost,F1_Score,0.926 +/- nan,results/anomaly_metrics_summary.csv,F1
Anomaly_Detection_OOF,FD001,XGBoost,Mean_Lead_Time,28.2 +/- nan,results/anomaly_metrics_summary.csv,Mean_Lead_Time
Health_Index_Spearman,FD001,PCA-PC1,Spearman_Rho,0.6369,results/health_index_spearman_comparison.csv,Spearman_PCA_PC1
Health_Index_Spearman,FD001,Mahalanobis_Distance,Spearman_Rho,0.7141,results/health_index_spearman_comparison.csv,Spearman_Mahalanobis
Lead_Time_at_FA_Budget,FD001,Static_Threshold,Lead_Time_at_FA_0.5,48.4,results/lead_time_at_fa_budgets.csv,LeadTime_at_FA_0.5
Lead_Time_at_FA_Budget,FD001,EWMA_Control_Limits,Lead_Time_at_FA_0.5,48.8,results/lead_time_at_fa_budgets.csv,LeadTime_at_FA_0.5
Lead_Time_at_FA_Budget,FD001,Mahalanobis_HI,Lead_Time_at_FA_0.5,49.5,results/lead_time_at_fa_budgets.csv,LeadTime_at_FA_0.5
Lead_Time_at_FA_Budget,FD001,IsolationForest,Lead_Time_at_FA_0.5,nan,results/lead_time_at_fa_budgets.csv,LeadTime_at_FA_0.5
Lead_Time_at_FA_Budget,FD001,RandomForest,Lead_Time_at_FA_0.5,55.0,results/lead_time_at_fa_budgets.csv,LeadTime_at_FA_0.5
Lead_Time_at_FA_Budget,FD001,XGBoost,Lead_Time_at_FA_0.5,43.6,results/lead_time_at_fa_budgets.csv,LeadTime_at_FA_0.5
Lead_Time_at_FA_Budget,FD001,LSTM,Lead_Time_at_FA_0.5,44.6,results/lead_time_at_fa_budgets.csv,LeadTime_at_FA_0.5
