Subset,Model,Seed,RMSE,RMSE_clip,MAE,NASA_Score
FD001,RF,0,17.690286064772227,16.589728737420373,13.27809559394856,790.2372719108391
FD001,XGBoost,0,14.894061088562012,13.543360710144043,11.161418914794922,332.26083284153486
FD001,LSTM,0,14.787251472473145,13.456571578979492,11.080489158630371,351.06989106569415
FD001,CNN,0,19.02875328063965,17.809925079345703,15.174571990966797,659.562453323279
FD002,RF,0,30.885136611723166,18.045796501967104,21.98456932438884,14727.9286569541
FD002,XGBoost,0,29.568086624145508,16.614397048950195,20.399076461791992,13383.998175874909
FD002,LSTM,0,29.817481994628906,16.3122501373291,19.521913528442383,23154.903336048428
FD002,CNN,0,33.79165267944336,21.97407341003418,24.41156578063965,26320.545144209813
FD003,RF,0,18.91041999273436,17.5787210575625,14.164677816023737,1406.1821590713105
FD003,XGBoost,0,16.76814079284668,15.382101058959961,12.828753471374512,725.0907060375503
FD003,LSTM,0,13.89945125579834,12.567657470703125,9.910506248474121,350.4547470589164
FD003,CNN,0,19.109397888183594,17.66144561767578,14.624658584594727,883.8830405114635
FD004,RF,0,32.00849034987783,20.763591674937253,24.61705239656509,9431.40255954159
FD004,XGBoost,0,29.707229614257812,18.145597457885742,22.034252166748047,7125.528354957611
FD004,LSTM,0,30.551794052124023,19.036298751831055,23.11005210876465,9145.65055280645
FD004,CNN,0,34.421573638916016,23.217134475708008,27.27886390686035,13867.760258262912
FD001,RF,1,17.585835580263005,16.479747379558642,13.131756869620524,772.3633190725884
FD001,XGBoost,1,14.594696044921875,13.388344764709473,11.022889137268066,364.97847247092386
FD001,LSTM,1,14.78100872039795,13.48890495300293,10.689301490783691,359.54983618756506
FD001,CNN,1,19.069408416748047,17.701929092407227,14.566539764404297,865.560151755042
FD002,RF,1,30.850037061375055,17.971279698711196,21.90579867449162,14683.29690252019
FD002,XGBoost,1,29.610992431640625,16.614086151123047,20.356643676757812,14770.480774722153
FD002,LSTM,1,28.703256607055664,15.796732902526855,19.351720809936523,13736.75335976148
FD002,CNN,1,33.06126022338867,21.293432235717773,24.211387634277344,24993.223169586952
FD003,RF,1,18.875178818709347,17.534275928665142,14.128921673389655,1399.9726585867543
FD003,XGBoost,1,15.811161041259766,14.31191635131836,11.965420722961426,540.8618925914169
FD003,LSTM,1,14.283132553100586,12.670262336730957,10.306236267089844,415.7925584204129
FD003,CNN,1,19.734329223632812,18.068313598632812,15.221911430358887,1302.4357258866175
FD004,RF,1,31.875290991436223,20.529691838970933,24.45719695952212,8870.597462084817
FD004,XGBoost,1,29.723081588745117,17.994136810302734,22.022478103637695,7024.609014981147
FD004,LSTM,1,30.687211990356445,19.068309783935547,23.400501251220703,8220.50478996515
FD004,CNN,1,34.76239013671875,23.39673614501953,27.385156631469727,14011.994611634847
FD001,RF,2,17.570447305853744,16.454213127036834,13.148369462534843,769.9443655884104
FD001,XGBoost,2,15.022324562072754,13.744501113891602,11.589160919189453,369.8759842822429
FD001,LSTM,2,14.711175918579102,13.151246070861816,10.846844673156738,326.7133823075286
FD001,CNN,2,18.470821380615234,17.320133209228516,14.479248046875,884.0032569706292
FD002,RF,2,30.819763269577802,17.932353725283424,21.887781607366097,14490.90992740203
FD002,XGBoost,2,29.273637771606445,16.128135681152344,19.981538772583008,14211.550033816715
FD002,LSTM,2,28.368972778320312,15.667686462402344,19.0206356048584,13203.941342360014
FD002,CNN,2,33.18771743774414,21.83077049255371,24.376323699951172,22611.41224056661
FD003,RF,2,18.993754708090812,17.656700797423145,14.256610211346901,1334.1229690482878
FD003,XGBoost,2,16.334815979003906,14.776155471801758,12.401904106140137,754.7977322130511
FD003,LSTM,2,13.861170768737793,12.478594779968262,9.927505493164062,357.26117124794484
FD003,CNN,2,19.62104606628418,18.38408851623535,14.735594749450684,1269.6405507491977
FD004,RF,2,31.94366802766848,20.694395246209364,24.561497103114803,9184.305554745644
FD004,XGBoost,2,29.57754135131836,17.85098648071289,21.995500564575195,7212.320053387226
FD004,LSTM,2,30.818553924560547,18.754865646362305,22.951417922973633,8950.813220800786
FD004,CNN,2,33.63554763793945,23.14185333251953,27.032136917114258,11576.87531007666
FD001,RF,3,17.65865049527937,16.526380162366134,13.288978679971489,737.6832759965585
FD001,XGBoost,3,14.479597091674805,13.165000915527344,11.230006217956543,306.7555154262745
FD001,LSTM,3,14.600210189819336,13.065997123718262,10.938253402709961,313.5401402109597
FD001,CNN,3,18.40276336669922,17.122703552246094,14.460650444030762,599.1676766938706
FD002,RF,3,30.833644059671016,17.93383891485305,21.815830353817407,14453.635526799553
FD002,XGBoost,3,29.69308090209961,16.415639877319336,20.35671615600586,14779.01317873321
FD002,LSTM,3,28.434581756591797,15.951532363891602,19.563600540161133,15288.745955447903
FD002,CNN,3,34.47569274902344,22.586790084838867,25.19333267211914,26856.661767875303
FD003,RF,3,18.865174004945338,17.50184892729323,14.113357479338708,1389.7729497630173
FD003,XGBoost,3,16.1264705657959,14.727582931518555,12.316431045532227,608.9427970342414
FD003,LSTM,3,14.131208419799805,12.688175201416016,9.961930274963379,406.332958241725
FD003,CNN,3,19.16876792907715,17.854270935058594,14.841499328613281,1092.4923902637565
FD004,RF,3,31.92712157155699,20.64502451150086,24.51353159540898,9264.393081075563
FD004,XGBoost,3,29.643125534057617,18.090761184692383,22.1173038482666,6781.679181520955
FD004,LSTM,3,30.84931182861328,19.15213966369629,23.612749099731445,8627.944738117169
FD004,CNN,3,33.997135162353516,22.80831527709961,26.60000228881836,12901.527195422794
FD001,RF,4,17.7199978019876,16.61566155567275,13.172681855651382,806.6462645764823
FD001,XGBoost,4,14.88638687133789,13.679872512817383,11.245644569396973,358.2657648220686
FD001,LSTM,4,14.572389602661133,12.993705749511719,10.937347412109375,300.53885591021793
FD001,CNN,4,17.613567352294922,16.3845272064209,13.743888854980469,553.1941614821942
FD002,RF,4,30.737614887512326,17.8211726275719,21.779687265346066,13979.53037379155
FD002,XGBoost,4,29.635122299194336,16.641773223876953,20.36102294921875,14470.53329245569
FD002,LSTM,4,28.292282104492188,15.724284172058105,19.226640701293945,12281.947150247492
FD002,CNN,4,33.77444076538086,22.205934524536133,24.820716857910156,30587.799209711924
FD003,RF,4,19.113958231045252,17.74892263533832,14.24093914558555,1446.6640893630322
FD003,XGBoost,4,16.04852294921875,14.571150779724121,12.262773513793945,532.362196842452
FD003,LSTM,4,13.740239143371582,11.94433879852295,9.988669395446777,309.0181381046471
FD003,CNN,4,18.549760818481445,17.153831481933594,13.712536811828613,1138.692391435814
FD004,RF,4,32.07219424257701,20.81757068434809,24.586155887128683,9974.191616577038
FD004,XGBoost,4,29.349088668823242,17.6256103515625,21.743045806884766,6604.887422513355
FD004,LSTM,4,31.002552032470703,18.85228157043457,23.186189651489258,8976.909951684014
FD004,CNN,4,33.952796936035156,22.863422393798828,26.23122787475586,15951.78713454401
