Subset,Model,RMSE,RMSE_clip,MAE,NASA_Score
FD001,CNN,18.52 +/- 0.59,17.27 +/- 0.57,14.48 +/- 0.51,712.3 +/- 153.2
FD001,LSTM,14.69 +/- 0.10,13.23 +/- 0.23,10.90 +/- 0.14,330.3 +/- 24.8
FD001,RF,17.65 +/- 0.07,16.53 +/- 0.07,13.20 +/- 0.07,775.4 +/- 25.8
FD001,XGBoost,14.78 +/- 0.23,13.50 +/- 0.23,11.25 +/- 0.21,346.4 +/- 26.5
FD002,CNN,33.66 +/- 0.57,21.98 +/- 0.48,24.60 +/- 0.40,26273.9 +/- 2915.7
FD002,LSTM,28.72 +/- 0.63,15.89 +/- 0.26,19.34 +/- 0.22,15533.3 +/- 4398.1
FD002,RF,30.83 +/- 0.05,17.94 +/- 0.08,21.87 +/- 0.08,14467.1 +/- 297.2
FD002,XGBoost,29.56 +/- 0.16,16.48 +/- 0.22,20.29 +/- 0.17,14323.1 +/- 575.3
FD003,CNN,19.24 +/- 0.47,17.82 +/- 0.46,14.63 +/- 0.56,1137.4 +/- 166.6
FD003,LSTM,13.98 +/- 0.22,12.47 +/- 0.31,10.02 +/- 0.16,367.8 +/- 43.7
FD003,RF,18.95 +/- 0.10,17.60 +/- 0.10,14.18 +/- 0.06,1395.3 +/- 40.5
FD003,XGBoost,16.22 +/- 0.36,14.75 +/- 0.40,12.36 +/- 0.31,632.4 +/- 103.1
FD004,CNN,34.15 +/- 0.44,23.09 +/- 0.25,26.91 +/- 0.48,13662.0 +/- 1607.3
FD004,LSTM,30.78 +/- 0.17,18.97 +/- 0.16,23.25 +/- 0.26,8784.4 +/- 366.6
FD004,RF,31.97 +/- 0.08,20.69 +/- 0.11,24.55 +/- 0.06,9345.0 +/- 406.4
FD004,XGBoost,29.60 +/- 0.15,17.94 +/- 0.21,21.98 +/- 0.14,6949.8 +/- 251.3
