Subset,Sensor,SHAP_Mean_Abs,SHAP_Rank
FD001,s3,7.1042070388793945,1
FD001,s11,6.707202434539795,2
FD001,s2,5.831272602081299,3
FD001,s17,5.384144306182861,4
FD001,s12,4.575867176055908,5
FD001,s14,4.124400615692139,6
FD001,s4,3.8564319610595703,7
FD001,s9,3.6748807430267334,8
FD001,s7,3.284282684326172,9
FD001,s20,2.9694063663482666,10
FD001,s13,2.8273043632507324,11
FD001,s15,2.7300004959106445,12
FD001,s8,2.6885294914245605,13
FD001,s21,1.9408928155899048,14
FD002,s11,10.752833366394043,1
FD002,s4,9.640058517456055,2
FD002,s17,6.730792045593262,3
FD002,s15,6.51970911026001,4
FD002,s2,3.937830924987793,5
FD002,s14,3.1863749027252197,6
FD002,s6,2.6611692905426025,7
FD002,s3,2.614253044128418,8
FD002,s9,2.5178046226501465,9
FD002,s12,1.6022356748580933,10
FD002,s7,1.4101053476333618,11
FD002,s13,1.248380422592163,12
FD002,s21,1.1448875665664673,13
FD002,s8,0.9159829616546631,14
FD002,s20,0.7571486830711365,15
FD002,s19,0.3412160873413086,16
FD002,s10,0.2703152894973755,17
FD002,s5,0.19213058054447174,18
FD002,s1,0.15272870659828186,19
FD002,s18,0.0,20
FD003,s11,13.225515365600586,1
FD003,s3,8.057764053344727,2
FD003,s9,4.931178092956543,3
FD003,s12,4.290284156799316,4
FD003,s17,3.7624731063842773,5
FD003,s14,3.310275077819824,6
FD003,s4,3.091017246246338,7
FD003,s8,2.6770706176757812,8
FD003,s7,2.672528028488159,9
FD003,s13,2.3336544036865234,10
FD003,s2,2.1502013206481934,11
FD003,s15,1.3457190990447998,12
FD003,s21,1.0677905082702637,13
FD003,s20,0.6987808346748352,14
FD004,s11,11.13570499420166,1
FD004,s3,7.786569118499756,2
FD004,s14,6.196975231170654,3
FD004,s17,6.127156734466553,4
FD004,s9,4.575507640838623,5
FD004,s4,4.50295352935791,6
FD004,s15,1.9738622903823853,7
FD004,s2,1.8373514413833618,8
FD004,s12,1.629847526550293,9
FD004,s13,1.4825375080108643,10
FD004,s8,1.1610605716705322,11
FD004,s7,1.0899183750152588,12
FD004,s6,0.6173164248466492,13
FD004,s21,0.4732509255409241,14
FD004,s20,0.37973150610923767,15
FD004,s1,0.35841089487075806,16
FD004,s5,0.3566802740097046,17
FD004,s10,0.30469828844070435,18
FD004,s18,0.0,19
FD004,s19,0.0,20
